ADRES,COMPLEX_GB_CD,COMPLEX_NM1,COMPLEX_NM2,COMPLEX_NM3,COMPLEX_PK,DONG_CNT,PNU,UNIT_CNT,USEAPR_DT,dong,jibun
서울특별시 동대문구 용두동 138-41,1,두산베어스타워,두산베어스타워,두산베어스타워,11230100000148,1,1123010200101380041,62,19981002,용두동,138-41
서울특별시 동대문구 용두동 779,1,신동아,신동아아파트,신동아아파트,11230100000149,5,1123010200107790000,772,19941014,용두동,779
서울특별시 동대문구 제기동 892-68,1,경동미주,,경동미주아파트,11230100000150,3,1123010300108920068,228,19770630,제기동,892-68
서울특별시 동대문구 제기동 1212,1,한신아파트,한신아파트,한신아파트,11230100000152,12,1123010300112120000,1070,20040511,제기동,1212
서울특별시 동대문구 제기동 892-66,1,현대,현대아파트,현대아파트,11230100000153,3,1123010300108920066,261,19991113,제기동,892-66
서울특별시 동대문구 제기동 120-10,1,홍파,,,11230100000154,1,1123010300101200010,38,19711007,제기동,120-10
서울특별시 동대문구 전농동 645-2,1,동아,동아아파트,동아아파트,11230100000155,2,1123010400106450002,360,19971222,전농동,645-2
서울특별시 동대문구 전농동 155,1,전농동삼성래미안,전농동삼성아파트,전농동삼성아파트,11230100000156,7,1123010400101550000,463,20000513,전농동,155
서울특별시 동대문구 전농동 10,1,전농SK,전농 SK아파트,전농 SK아파트,11230100000157,16,1123010400100100000,1830,20000706,전농동,10
서울특별시 동대문구 전농동 103-340,1,씨티빌라트,씨티빌라트,씨티빌라트,11230100000158,1,1123010400101030340,18,19990320,전농동,103-340
서울특별시 동대문구 전농동 6,1,전농우성,전농우성아파트,전농우성아파트,11230100000159,15,1123010400100060000,1234,19920311,전농동,6
서울특별시 동대문구 전농동 103-22,1,세화,,,11230100000160,1,1123010400101030022,14,20020617,전농동,103-22
서울특별시 동대문구 답십리동 645-8,1,신답경남,신답경남아파트,신답경남아파트,11230100000163,1,1123010500106450008,225,19910619,답십리동,645-8
서울특별시 동대문구 답십리동 464-1,1,신답극동,신답극동아파트,신답극동아파트,11230100000164,2,1123010500104640001,225,19870804,답십리동,464-1
서울특별시 동대문구 답십리동 111,1,답십리대우,답십리 대우아파트,답십리 대우아파트,11230100000165,4,1123010500101110000,319,20020429,답십리동,111
서울특별시 동대문구 답십리동 42,1,동답한신,동답한신아파트,동답한신아파트,11230100000166,4,1123010500100420000,600,19920103,답십리동,42
서울특별시 동대문구 답십리동 41,1,동서울한양,동서울한양아파트,동서울한양아파트,11230100000167,3,1123010500100410000,499,19890725,답십리동,41
서울특별시 동대문구 답십리동 10,1,동아,동아아파트,동아아파트,11230100000168,7,1123010500100100000,741,20011123,답십리동,10
서울특별시 동대문구 답십리동 990,1,두산,두산아파트,두산아파트,11230100000169,9,1123010500109900000,739,20000802,답십리동,990
서울특별시 동대문구 답십리동 530-5,1,삼희,,,11230100000170,4,1123010500105300005,150,19831219,답십리동,530-5
서울특별시 동대문구 답십리동 989-1,1,우성그린,우성그린아파트,우성그린아파트,11230100000171,5,1123010500109890001,496,19970523,답십리동,989-1
서울특별시 동대문구 답십리동 494-2,1,우창프라자,우창프라자아파트,우창프라자아파트,11230100000172,1,1123010500104940002,44,19940610,답십리동,494-2
서울특별시 동대문구 답십리동 80,1,답십리청솔우성,답십리청솔우성아파트,답십리청솔우성아파트,11230100000173,14,1123010500100800000,1110,20000318,답십리동,80
서울특별시 동대문구 답십리동 80-2,1,청솔2차우성,청솔2차우성아파트,청솔2차우성아파트,11230100000174,1,1123010500100800002,127,20001213,답십리동,80-2
서울특별시 동대문구 답십리동 994,1,답십리한화,답십리한화아파트,답십리한화아파트,11230100000176,1,1123010500109940000,146,20010928,답십리동,994
서울특별시 동대문구 답십리동 493-5,1,클래식타워,클래식타워,클래식타워,11230100000177,1,1123010500104930005,39,19990629,답십리동,493-5
서울특별시 동대문구 답십리동 808,1,대림,대림아파트,대림아파트,11230100000178,3,1123010500108080000,228,20030108,답십리동,808
서울특별시 동대문구 장안동 332-2,1,정은101동(332-2),정은아파트,정은아파트,11230100000180,1,1123010600103320002,36,19990707,장안동,332-2
서울특별시 동대문구 장안동 332-6,1,천강(332-6),,,11230100000181,1,1123010600103320006,19,19960715,장안동,332-6
서울특별시 동대문구 장안동 555-1,1,한신아파트,한신아파트,한신아파트,11230100000182,2,1123010600105550001,300,19960611,장안동,555-1
서울특별시 동대문구 장안동 95-1,1,장안현대,현대아파트,현대아파트,11230100000183,8,1123010600100950001,456,19840630,장안동,95-1
서울특별시 동대문구 장안동 360-2,1,장안SM드림빌(360-2),장안SM드림빌,장안SM드림빌,11230100000184,1,1123010600103600002,18,20030128,장안동,360-2
서울특별시 동대문구 장안동 371-1,1,장안삼성쉐르빌,장안삼성쉐르빌,장안삼성쉐르빌,11230100000185,1,1123010600103710001,254,20020805,장안동,371-1
서울특별시 동대문구 장안동 390-5,1,성림(390-5),성림 아파트,성림 아파트,11230100000186,1,1123010600103900005,18,20030129,장안동,390-5
서울특별시 동대문구 장안동 418-4,1,장안예원(418-4),,,11230100000187,1,1123010600104180004,17,20021028,장안동,418-4
서울특별시 동대문구 장안동 556,1,방원예뜨랑,방원예뜨랑아파트,방원예뜨랑아파트,11230100000188,1,1123010600105560000,49,20020805,장안동,556
서울특별시 동대문구 청량리동 425,1,광남캐스빌,,,11230100000189,1,1123010700104250000,20,20020409,청량리동,425
서울특별시 동대문구 청량리동 235-1,1,미주,미주아파트,미주아파트,11230100000190,8,1123010700102350001,1089,19780927,청량리동,235-1
서울특별시 동대문구 청량리동 60,1,한신,,한신아파트,11230100000191,9,1123010700100600000,960,19971216,청량리동,60
서울특별시 동대문구 청량리동 234-2,1,현대,현대아파트,현대아파트,11230100000192,3,1123010700102340002,241,19870616,청량리동,234-2
서울특별시 동대문구 청량리동 738,1,현대코아,청량리현대코아,청량리현대코아,11230100000193,2,1123010700107380000,88,19971205,청량리동,738
서울특별시 동대문구 청량리동 212,1,홍릉동부,홍릉동부아파트,홍릉동부아파트,11230100000194,4,1123010700102120000,371,20010924,청량리동,212
서울특별시 동대문구 회기동 65,1,신현대,청량리신현대아파트,청량리신현대아파트,11230100000195,8,1123010800100650000,736,19890526,회기동,65
서울특별시 동대문구 휘경동 308-110,1,동성,동성아파트,동성아파트,11230100000196,1,1123010900103080110,19,20011013,휘경동,308-110
서울특별시 동대문구 휘경동 78,1,롯데,휘경동롯데아파트,휘경동롯데아파트,11230100000197,2,1123010900100780000,265,20000825,휘경동,78
서울특별시 동대문구 휘경동 49-5,1,서울가든,,,11230100000198,1,1123010900100490005,160,19851203,휘경동,49-5
서울특별시 동대문구 휘경동 106,1,휘경미소지움,휘경미소지움아파트,휘경미소지움아파트,11230100000199,5,1123010900101060000,345,19990831,휘경동,106
서울특별시 동대문구 휘경동 57,1,주공1,주공아파트,주공아파트,11230100000200,13,1123010900100570000,1224,20011115,휘경동,57
서울특별시 동대문구 휘경동 363,1,현대,휘경동현대아파트,휘경동현대아파트,11230100000201,3,1123010900103630000,146,19921205,휘경동,363
서울특별시 동대문구 휘경동 43-66,1,휘경,,,11230100000202,1,1123010900100430066,21,19720327,휘경동,43-66
서울특별시 동대문구 휘경동 108-4,1,월드아파트,휘경동 아파트,휘경동 아파트,11230100000203,1,1123010900101080004,15,20000324,휘경동,108-4
서울특별시 동대문구 휘경동 115,1,동양1차,휘경동동양아파트,휘경동동양아파트,11230100000204,2,1123010900101150000,282,20000527,휘경동,115
서울특별시 동대문구 휘경동 52,1,휘경베스트빌현대,휘경베스트빌현대아파트,휘경베스트빌현대아파트,11230100000205,3,1123010900100520000,372,20000515,휘경동,52
서울특별시 동대문구 이문동 45,1,대우,이문동 대우아파트,,11230100000206,7,1123011000100450000,490,20011220,이문동,45
서울특별시 동대문구 이문동 425,1,삼성,이문 삼성래미안아파트,이문 삼성래미안아파트,11230100000207,8,1123011000104250000,379,20011107,이문동,425
서울특별시 동대문구 이문동 73,1,삼익,이문동삼익아파트,이문동삼익아파트,11230100000208,2,1123011000100730000,353,19971230,이문동,73
서울특별시 동대문구 이문동 64,1,쌍용,쌍용아파트,쌍용아파트,11230100000209,15,1123011000100640000,1318,20001129,이문동,64
서울특별시 동대문구 이문동 54,1,현대,현대아파트,현대아파트,11230100000210,4,1123011000100540000,601,20000503,이문동,54
서울특별시 동대문구 휘경동 57,1,주공2,주공아파트,주공아파트,11230100050241,7,1123010900100570000,800,20011115,휘경동,57
서울특별시 동대문구 이문동 225,1,대림e-편한세상,이문e편한세상아파트,이문e편한세상아파트,11230100050748,19,1123011000102250000,1378,20030709,이문동,225
서울특별시 동대문구 장안동 306-10,1,새한그린빌(306-10),그린 빌,그린 빌,11230100050750,1,1123010600103060010,18,20030801,장안동,306-10
서울특별시 동대문구 장안동 306-13,1,장안트윈B동,장안트윈아파트2,장안트윈아파트2,11230100050751,1,1123010600103060013,12,20030709,장안동,306-13
서울특별시 동대문구 장안동 306-8,1,장안트윈A동,,,11230100050752,1,1123010600103060008,12,20091203,장안동,306-8
서울특별시 동대문구 장안동 350-11,1,SM이로빌(350-11),SM 이로빌 아파트,SM 이로빌 아파트,11230100050755,1,1123010600103500011,19,20031104,장안동,350-11
서울특별시 동대문구 장안동 354-2,1,래미안장안,래미안 장안아파트,래미안 장안아파트,11230100050756,8,1123010600103540002,558,20030430,장안동,354-2
서울특별시 동대문구 장안동 375-11,1,장안동공감대(375-11),장안동 공감대아파트,장안동 공감대아파트,11230100050757,1,1123010600103750011,12,20040113,장안동,375-11
서울특별시 동대문구 장안동 375-7,1,공감대2차(375-7),장안동 공감대아파트,장안동 공감대아파트,11230100050758,1,1123010600103750007,18,20031209,장안동,375-7
서울특별시 동대문구 장안동 440-12,1,공감대(440-12),공감대아파트,공감대아파트,11230100050759,1,1123010600104400012,19,20031110,장안동,440-12
서울특별시 동대문구 제기동 1158-10,1,청우,청우아파트,청우아파트,11230100050760,1,1123010300111580010,12,20031006,제기동,1158-10
서울특별시 동대문구 휘경동 109,1,롯데낙천대,휘경동롯데 낙천대아파트,휘경동롯데 낙천대아파트 상가동,11230100050761,2,1123010900101090000,239,20030715,휘경동,109
서울특별시 동대문구 이문동 84,1,중앙하이츠빌,중앙하이츠빌,중앙하이츠빌,11230100051458,7,1123011000100840000,371,20020523,이문동,84
서울특별시 동대문구 장안동 360-7,1,제이슨(360-7),제이슨아파트,제이슨아파트,11230100052506,1,1123010600103600007,15,20030421,장안동,360-7
서울특별시 동대문구 제기동 1158-25,1,월드캐슬,월드캐슬아파트,월드캐슬아파트,11230100052547,1,1123010300111580025,10,20031015,제기동,1158-25
서울특별시 동대문구 회기동 65-69,1,동화,동화아파트,동화아파트,11230100052568,1,1123010800100650069,16,20030612,회기동,65-69
서울특별시 동대문구 제기동 1158-17,1,동성네스트빌(1158-17),동성네스트빌 아파트,동성네스트빌 아파트,11230100052610,1,1123010300111580017,14,20031128,제기동,1158-17
서울특별시 동대문구 장안동 336,1,장안현대홈타운,장안현대홈타운,장안현대홈타운,11230100052691,22,1123010600103360000,2182,20031028,장안동,336
서울특별시 동대문구 휘경동 117,1,동양2차,동양2차아파트,동양2차아파트,11230100053503,2,1123010900101170000,208,20020703,휘경동,117
서울특별시 동대문구 제기동 153,1,안암골벽산,안암골 벽산아파트,안암골 벽산아파트,11230100053541,7,1123010300101530000,640,20030613,제기동,153
서울특별시 동대문구 용두동 39-446,1,용두아파트,,,11230100248370,2,1123010200100390446,34,19740905,용두동,39-446
서울특별시 동대문구 용두동 236-1,1,신설동역대우아이빌1,신설동역대우아이빌,신설동역대우아이빌,11230100248371,1,1123010200102360001,42,20041020,용두동,236-1
서울특별시 동대문구 제기동 134-73,1,효성트럼프,효성아파트,효성아파트,11230100248372,1,1123010300101340073,18,20040213,제기동,134-73
서울특별시 동대문구 제기동 274-21,1,동성네스트빌2,동성네스트빌아파트 2동,동성네스트빌아파트 2동,11230100248373,1,1123010300102740021,15,20040316,제기동,274-21
서울특별시 동대문구 장안동 578,1,경남하이빌,경남하이빌아파트,경남하이빌아파트,11230100248377,1,1123010600105780000,66,20080320,장안동,578
서울특별시 동대문구 장안동 400-1,1,청솔브레싱(A동)(400-1),청솔브레싱아파트(A동),청솔브레싱아파트(A동),11230100248378,1,1123010600104000001,15,20040113,장안동,400-1
서울특별시 동대문구 장안동 400-9,1,청솔브레싱(B동)(400-9),청솔브레싱아파트(B동),청솔브레싱아파트(B동),11230100248379,1,1123010600104000009,15,20040114,장안동,400-9
서울특별시 동대문구 장안동 131-1,1,유엔팰리스(131-1),유엔팰리스,유엔팰리스,11230100248380,1,1123010600101310001,18,20040723,장안동,131-1
서울특별시 동대문구 장안동 169-54,1,대성하이빌(B동),대성아파트(B동),대성아파트(B동),11230100248381,1,1123010600101690054,15,20040608,장안동,169-54
서울특별시 동대문구 장안동 311-6,1,화성(311-6),화성 아파트,화성 아파트,11230100248383,1,1123010600103110006,19,20030324,장안동,311-6
서울특별시 동대문구 장안동 312-7,1,SM이로빌5차,SM 이로빌 아파트,SM 이로빌 아파트,11230100248384,1,1123010600103120007,19,20040810,장안동,312-7
서울특별시 동대문구 장안동 313-7,1,신부파스카(313-7),장안동신부파스카아파트,장안동신부파스카아파트,11230100248385,1,1123010600103130007,24,20041118,장안동,313-7
서울특별시 동대문구 장안동 319-2,1,신부파스카(319-2),장안동 신부파스카 아파트,장안동 신부파스카 아파트,11230100248386,1,1123010600103190002,19,20040504,장안동,319-2
서울특별시 동대문구 장안동 319-3,1,신부파스카(319-3),장안동 신부파스카아파트,장안동 신부파스카아파트,11230100248387,1,1123010600103190003,6,20040527,장안동,319-3
서울특별시 동대문구 장안동 327,1,정은스카이빌101동,장안동 정은스카이빌아파트 101동,장안동 정은스카이빌아파트 101동,11230100248388,1,1123010600103270000,107,20040616,장안동,327
서울특별시 동대문구 장안동 334-5,1,공감대5차(334-5),공감대 4차 아파트,공감대 4차 아파트,11230100248389,1,1123010600103340005,18,20040419,장안동,334-5
서울특별시 동대문구 장안동 339-7,1,네오빌,네오빌,네오빌,11230100248390,1,1123010600103390007,19,20040109,장안동,339-7
서울특별시 동대문구 장안동 342-13,1,광남캐스빌,광남캐스빌아파트,광남캐스빌아파트,11230100248391,1,1123010600103420013,39,20040818,장안동,342-13
서울특별시 동대문구 장안동 344-1,1,르메이에르1차(344-1),르.메이에르 장안타운 1,르.메이에르 장안타운 1,11230100248392,1,1123010600103440001,48,20041227,장안동,344-1
서울특별시 동대문구 장안동 350-6,1,현대리노빌102동, 현대리노빌아파트  102동,현대리노빌아파트  102동,11230100248393,1,1123010600103500006,18,20040702,장안동,350-6
서울특별시 동대문구 장안동 350-7,1,현대리노빌101동, 현대리노빌아파트  101동,현대리노빌아파트  101동,11230100248394,1,1123010600103500007,18,20040616,장안동,350-7
서울특별시 동대문구 장안동 358-18,1,SM이로빌3차(358-18),SM이로빌3차,SM이로빌3차,11230100248395,1,1123010600103580018,19,20040316,장안동,358-18
서울특별시 동대문구 장안동 362-7,1,SM해그린(362-7),SM 해그린 아파트,SM 해그린 아파트,11230100248396,1,1123010600103620007,19,20041105,장안동,362-7
서울특별시 동대문구 장안동 373-7,1,가야써니빌(373-7),써니빌 가야아파트,써니빌 가야아파트,11230100248397,1,1123010600103730007,36,20020422,장안동,373-7
서울특별시 동대문구 장안동 380-1,1,공감대(380-1),공감대,공감대,11230100248398,1,1123010600103800001,24,20040320,장안동,380-1
서울특별시 동대문구 장안동 401-1,1,화성(401-1),,,11230100248399,1,1123010600104010001,17,19991020,장안동,401-1
서울특별시 동대문구 장안동 410-13,1,이한센토빌(410-13),센토빌아파트,센토빌아파트,11230100248400,1,1123010600104100013,18,20040109,장안동,410-13
서울특별시 동대문구 장안동 417-3,1,형인허브빌101동(417-3),형인허브빌 101동,형인허브빌 101동,11230100248401,1,1123010600104170003,24,20040714,장안동,417-3
서울특별시 동대문구 장안동 417-10,1,베스트빌(417-10),베스트빌,베스트빌,11230100248402,1,1123010600104170010,10,20030407,장안동,417-10
서울특별시 동대문구 장안동 417-11,1,형인허브빌102동(417-11),형인허브빌 102동,형인허브빌 102동,11230100248403,1,1123010600104170011,18,20040714,장안동,417-11
서울특별시 동대문구 장안동 424-1,1,한일(424-1),한일아파트,한일아파트,11230100248404,1,1123010600104240001,18,20031216,장안동,424-1
서울특별시 동대문구 장안동 444-9,1,금호(444-9),금호아파트,금호아파트,11230100248405,1,1123010600104440009,19,20040113,장안동,444-9
서울특별시 동대문구 장안동 455-1,1,비젼아파트101동,비젼 아파트 101동,비젼 아파트 101동,11230100248406,1,1123010600104550001,19,20041129,장안동,455-1
서울특별시 동대문구 장안동 455-4,1,SM이로빌4차B동(455-4),SM이로빌4차아파트,SM이로빌4차아파트,11230100248407,1,1123010600104550004,13,20040923,장안동,455-4
서울특별시 동대문구 장안동 455-5,1,SM이로빌4차A동(455-5),SM이로빌아파트4차,SM이로빌아파트4차,11230100248408,1,1123010600104550005,18,20041006,장안동,455-5
서울특별시 동대문구 청량리동 205-755,1,청량리신주,신주아파트,신주아파트,11230100248409,1,1123010700102050755,17,20041210,청량리동,205-755
서울특별시 동대문구 이문동 264-368,1,삼보스위트홈,삼보스위트홈,삼보스위트홈,11230100248411,1,1123011000102640368,18,20040805,이문동,264-368
서울특별시 동대문구 이문동 311,1,래미안이문2차,래미안이문2차아파트,래미안이문2차아파트,11230100248412,9,1123011000103110000,648,20040413,이문동,311
서울특별시 동대문구 장안동 342-11,1,르메이에르장안타운II(342-11),르.메이에르 장안타운Ⅱ,르.메이에르 장안타운Ⅱ,11230100256920,1,1123010600103420011,31,20050228,장안동,342-11
서울특별시 동대문구 장안동 350-5,1,현대리노빌103동,현대 리노빌 아파트 103동,현대 리노빌 아파트 103동,11230100256924,1,1123010600103500005,19,20040713,장안동,350-5
서울특별시 동대문구 장안동 437-2,1,비젼(437-2),비젼 아파트,비젼 아파트,11230100257022,1,1123010600104370002,18,20050125,장안동,437-2
서울특별시 동대문구 장안동 329-3,1,래미안장안2차,래미안장안2차아파트,래미안장안2차아파트,11230100257843,24,1123010600103290003,1786,20070628,장안동,329-3
서울특별시 동대문구 제기동 892-114,1,명경아트빌,명경아트빌,명경아트빌,11230100437326,1,1123010300108920114,9,20021002,제기동,892-114
서울특별시 동대문구 회기동 65-81,1,동일스카이씨티,동일스카이씨티아파트,동일스카이씨티아파트,11230100437410,1,1123010800100650081,16,20031205,회기동,65-81
서울특별시 동대문구 회기동 347-7,1,회기아파트(347-7),회기아파트,회기아파트,11230100437413,1,1123010800103470007,18,20030317,회기동,347-7
서울특별시 동대문구 제기동 252,1,이수브라운스톤,이수브라운스톤,이수브라운스톤,11230100448265,4,1123010300102520000,299,20050314,제기동,252
서울특별시 동대문구 답십리동 997,1,세양청마루,세양청마루아파트,세양청마루아파트,11230100448266,3,1123010500109970000,231,20050427,답십리동,997
서울특별시 동대문구 장안동 241-13,1,동재(A동),동재 APT(A동),동재 APT(A동),11230100448267,1,1123010600102410013,18,20050219,장안동,241-13
서울특별시 동대문구 장안동 284-3,1,푸른마을(284-3),푸른마을아파트,푸른마을아파트,11230100448268,1,1123010600102840003,19,20041106,장안동,284-3
서울특별시 동대문구 장안동 378-3,1,공감대(378-3),공감대아파트,공감대아파트,11230100448269,1,1123010600103780003,12,20050211,장안동,378-3
서울특별시 동대문구 장안동 384-1,1,공감대6차(384-1),공감대6차,공감대6차,11230100448270,1,1123010600103840001,36,20050127,장안동,384-1
서울특별시 동대문구 장안동 450-4,1,형인허브빌(450-4),형인허브빌아파트 201동,형인허브빌아파트 201동,11230100448271,1,1123010600104500004,27,20050325,장안동,450-4
서울특별시 동대문구 장안동 454-1,1,비젼아파트103동,비젼아파트,비젼아파트,11230100448272,1,1123010600104540001,21,20050411,장안동,454-1
서울특별시 동대문구 장안동 454-2,1,비젼아파트102동,비젼아파트 102동,비젼아파트 102동,11230100448273,1,1123010600104540002,21,20050411,장안동,454-2
서울특별시 동대문구 장안동 169-48,1,대성하이빌(A동),대성아파트(A동),대성아파트(A동),11230100601140,1,1123010600101690048,15,20040514,장안동,169-48
서울특별시 동대문구 장안동 344-6,1,우정B(344-6),우정아파트 B,우정아파트 B,11230100601148,1,1123010600103440006,8,20030404,장안동,344-6
서울특별시 동대문구 장안동 344-11,1,우정A(344-11),우정아파트 A,우정아파트 A,11230100601149,1,1123010600103440011,7,20030331,장안동,344-11
서울특별시 동대문구 용두동 785,1,청재제일타운,청재제일타운아파트 101동,청재제일타운아파트 101동,11230120007889,1,1123010200107850000,32,20051117,용두동,785
서울특별시 동대문구 제기동 1158-6,1,동성네스트빌,동성아파트,동성아파트,11230120007896,1,1123010300111580006,10,20050622,제기동,1158-6
서울특별시 동대문구 전농동 687,1,전농동신성미소지움,전농동신성미소지움아파트,전농동신성미소지움아파트,11230120007905,6,1123010400106870000,385,20051005,전농동,687
서울특별시 동대문구 장안동 313-8,1,르메이에르7차(313-8),르.메이에르장안타운7차,르.메이에르장안타운7차,11230120007909,1,1123010600103130008,36,20051102,장안동,313-8
서울특별시 동대문구 장안동 334-6,1,우성2차아파트(334-6),우성2차아파트,우성2차아파트,11230120007911,1,1123010600103340006,28,20050616,장안동,334-6
서울특별시 동대문구 장안동 335-8,1,르미에르장안타운5차,르.메이에르 장안타운 5차,르.메이에르 장안타운 5차,11230120007912,1,1123010600103350008,33,20050624,장안동,335-8
서울특별시 동대문구 장안동 337-3,1,르메이에르장안타운3차,르.메이에르 장안타운 3차,르.메이에르 장안타운 3차,11230120007913,1,1123010600103370003,40,20050604,장안동,337-3
서울특별시 동대문구 장안동 569,1,현대홈타운2차,장안동 현대2차 홈타운,장안동 현대2차 홈타운,11230120007914,3,1123010600105690000,193,20051220,장안동,569
서울특별시 동대문구 장안동 342-3,1,르메이에르장안타운6차,르.메이에르 장안타운 6차,르.메이에르 장안타운 6차,11230120007915,1,1123010600103420003,56,20051219,장안동,342-3
서울특별시 동대문구 장안동 363-11,1,정암(363-11),정암아파트,정암아파트,11230120007917,1,1123010600103630011,11,20050729,장안동,363-11
서울특별시 동대문구 장안동 561,1,형인허브빌아파트301동,형인허브빌아파트 301동,형인허브빌아파트 301동,11230120007921,1,1123010600105610000,48,20050519,장안동,561
서울특별시 동대문구 장안동 562,1,우성3차(562),우성3차아파트 101동,우성3차아파트 101동,11230120007922,1,1123010600105620000,74,20050604,장안동,562
서울특별시 동대문구 장안동 563,1,신부파스카(563),신부파스카 아파트 501동,신부파스카 아파트 501동,11230120007923,1,1123010600105630000,106,20050727,장안동,563
서울특별시 동대문구 장안동 564,1,신일해피트리아파트101동,장안동신일해피트리아파트 101동,,11230120007924,1,1123010600105640000,62,20050516,장안동,564
서울특별시 동대문구 장안동 565,1,대명이룸아파트(565-0),대명이룸아파트,대명이룸아파트,11230120007925,1,1123010600105650000,71,20050912,장안동,565
서울특별시 동대문구 장안동 566,1,형인허브빌2차(566),형인허브빌아파트,형인허브빌,11230120007926,1,1123010600105660000,79,20051031,장안동,566
서울특별시 동대문구 장안동 567,1,신일해피트리2차(567),신일해피트리,신일해피트리,11230120007927,1,1123010600105670000,98,20051011,장안동,567
서울특별시 동대문구 회기동 60-230,1,동일스카이시티2차,동일스카이시티아파트2차,동일스카이시티아파트2차,11230120007928,1,1123010800100600230,16,20050718,회기동,60-230
서울특별시 동대문구 휘경동 365,1,휘경동일하이빌,휘경 동일하이빌,휘경 동일하이빌,11230120007942,7,1123010900103650000,216,20051005,휘경동,365
서울특별시 동대문구 장안동 568,1,신일해피트리3차(568),장안동신일해피트리아파트,장안동신일해피트리아파트,11230120027156,1,1123010600105680000,88,20051118,장안동,568
서울특별시 동대문구 장안동 404-13,1,(아이엔에스새터),아이엔에스새터아파트,아이엔에스새터아파트,11230120029458,1,1123010600104040013,18,20051121,장안동,404-13
서울특별시 동대문구 장안동 326-10,1,삼성그린,삼성그린아파트,삼성그린아파트,11230120029568,1,1123010600103260010,19,20050421,장안동,326-10
서울특별시 동대문구 청량리동 949,1,샹그레빌아파트,샹그레빌 아파트,샹그레빌 아파트,11230120029602,1,1123010700109490000,55,20040707,청량리동,949
서울특별시 동대문구 장안동 570,1,청원파크빌,청원파크빌,청원파크빌,11230120033883,1,1123010600105700000,39,20060412,장안동,570
서울특별시 동대문구 장안동 241-8,1,동재(B동),동재아파트(B동),동재아파트(B동),11230120034621,1,1123010600102410008,12,20060302,장안동,241-8
서울특별시 동대문구 답십리동 998,1,두산위브,두산위브아파트,두산위브아파트,11230120041144,7,1123010500109980000,516,20070426,답십리동,998
서울특별시 동대문구 답십리동 999,1,청계벽산메가트리움,청계벽산메가트리움,청계벽산메가트리움,11230120041145,1,1123010500109990000,114,20060925,답십리동,999
서울특별시 동대문구 장안동 347-8,1,정은스카이빌201동,정은스카이빌201동,정은스카이빌201동,11230120041149,1,1123010600103470008,89,20060511,장안동,347-8
서울특별시 동대문구 장안동 571,1,현대홈타운3차,장안3차 현대홈타운,장안3차 현대홈타운,11230120043172,2,1123010600105710000,137,20060317,장안동,571
서울특별시 동대문구 장안동 309-6,1,SM해그린아파트,SM 해그린아파트,SM 해그린아파트,11230120043624,1,1123010600103090006,18,20060601,장안동,309-6
서울특별시 동대문구 장안동 573,1,장한평월드메르디앙,장한평월드메르디앙아파트,장한평월드메르디앙아파트,11230120049702,2,1123010600105730000,123,20060608,장안동,573
서울특별시 동대문구 장안동 310-5,1,아인리베(310-5),장안동 아인리베 아파트 101동,장안동 아인리베 아파트 101동,11230120056246,1,1123010600103100005,18,20061024,장안동,310-5
서울특별시 동대문구 장안동 310-14,1,아인리베(310-14),장안동 아인리베 아파트 101동,장안동 아인리베 아파트 101동,11230120056247,1,1123010600103100014,18,20061010,장안동,310-14
서울특별시 동대문구 휘경동 264-2,1,효자워너빌,효자 워너빌,효자 워너빌,11230120056251,1,1123010900102640002,80,20061019,휘경동,264-2
서울특별시 동대문구 장안동 400-3,1,(해오름),해오름아파트,해오름아파트,11230120056272,1,1123010600104000003,41,20061012,장안동,400-3
서울특별시 동대문구 장안동 572,1,은하수드림필,은하수드림필아파트,은하수드림필아파트,11230120059871,1,1123010600105720000,75,20061117,장안동,572
서울특별시 동대문구 장안동 574,1,금강아미움,금강 아미움 아파트,금강 아미움 아파트,11230120060252,1,1123010600105740000,75,20070124,장안동,574
서울특별시 동대문구 신설동 109-13,1,청계천대성스카이렉스1,청계천 대성 스카이렉스1,청계천 대성 스카이렉스1,11230120065589,1,1123010100101090013,56,20070123,신설동,109-13
서울특별시 동대문구 회기동 60-223,1,동일스카이시티3차,,,11230120065592,1,1123010800100600223,12,20070123,회기동,60-223
서울특별시 동대문구 제기동 1158-18,1,그랜드힐,그랜드 힐,그랜드 힐,11230120066050,1,1123010300111580018,5,20070406,제기동,1158-18
서울특별시 동대문구 장안동 575,1,장안평월드메르디앙2차,장한평2차월드메르디앙아파트,장한평2차월드메르디앙아파트,11230120066051,2,1123010600105750000,124,20070525,장안동,575
서울특별시 동대문구 휘경동 366,1,동일스위트리버,동일스위트리버,동일스위트리버,11230120066176,9,1123010900103660000,445,20070518,휘경동,366
서울특별시 동대문구 장안동 576,1,흥해오크팰리스(576-0),흥해오크팰리스,흥해오크팰리스,11230120069189,1,1123010600105760000,67,20070618,장안동,576
서울특별시 동대문구 용두동 255-66,1,청계천대성스카이렉스2,청계천 대성 스카이렉스2,청계천 대성 스카이렉스2,11230120070837,2,1123010200102550066,112,20070604,용두동,255-66
서울특별시 동대문구 이문동 427,1,이문2차푸르지오,이문2차푸르지오,이문2차푸르지오,11230120071320,1,1123011000104270000,96,20070620,이문동,427
서울특별시 동대문구 장안동 329-2,1,장안힐스테이트,장안 힐스테이트,장안 힐스테이트,11230120071652,11,1123010600103290002,859,20070804,장안동,329-2
서울특별시 동대문구 용두동 102-172,1,홈-스타,홈-스타(home-star),홈-스타(home-star),11230120072097,1,1123010200101020172,19,20070914,용두동,102-172
서울특별시 동대문구 장안동 440-1,1,상록파라브,장안동상록파라브아파트,장안동상록파라브아파트,11230120072099,1,1123010600104400001,18,20070911,장안동,440-1
서울특별시 동대문구 장안동 302-2,1,장안동파크뷰,장안동 파크뷰아파트,장안동 파크뷰아파트,11230120072938,1,1123010600103020002,16,20070906,장안동,302-2
서울특별시 동대문구 전농동 32-4,1,전농동하우스토리,전농동하우스토리,전농동하우스토리,11230120089893,1,1123010400100320004,60,20071228,전농동,32-4
서울특별시 동대문구 장안동 577,1,서광아침의빛,서광아침의빛아파트,서광아침의빛아파트,11230120090736,1,1123010600105770000,48,20080506,장안동,577
서울특별시 동대문구 장안동 344-5,1,선일크라시아,선일크라시아,선일크라시아,11230120090973,1,1123010600103440005,20,20080417,장안동,344-5
서울특별시 동대문구 용두동 138-52,1,삼성힐,해오름아파트,해오름아파트,11230120100381,1,1123010200101380052,10,20080908,용두동,138-52
서울특별시 동대문구 이문동 292-10,1,이문동웰츠타워,이문동 292-10  이문동 웰츠타워,,11230120100795,2,1123011000102920010,107,20080901,이문동,292-10
서울특별시 동대문구 장안동 385-2,1,리치,리치아파트,리치아파트,11230120101672,1,1123010600103850002,17,20081007,장안동,385-2
서울특별시 동대문구 이문동 428,1,신이문금호어울림,신이문 금호어울림,신이문 금호어울림,11230120101828,4,1123011000104280000,166,20081010,이문동,428
서울특별시 동대문구 신설동 8-1,1,주함해븐아파트,,,11230120102893,1,1123010100100080001,16,20081013,신설동,8-1
서울특별시 동대문구 장안동 579,1,은하수드림빌,은하수드림필아파트,은하수드림필아파트,11230120102897,2,1123010600105790000,61,20090226,장안동,579
서울특별시 동대문구 장안동 455-10,1,JS아파트,,,11230120107440,1,1123010600104550010,18,20081118,장안동,455-10
서울특별시 동대문구 장안동 440-2,1,상록파라브2차,상록파라브2차아파트,상록파라브2차아파트,11230120108185,1,1123010600104400002,10,20081030,장안동,440-2
서울특별시 동대문구 장안동 463-10,1,장안동우성4차,장안동 우성4차 아파트,장안동 우성4차 아파트,11230120115759,1,1123010600104630010,21,20081223,장안동,463-10
서울특별시 동대문구 답십리동 1000,1,래미안엘파인아파트,래미안엘파인아파트,래미안엘파인아파트,11230120115816,9,1123010500110000000,472,20110623,답십리동,1000
서울특별시 동대문구 용두동 790,1,롯데캐슬피렌체,,롯데캐슬피렌체,11230120115856,4,1123010200107900000,435,20090205,용두동,790
서울특별시 동대문구 장안동 440-5,1,흥해오크팰리스(440-5),흥해오크팰리스,흥해오크팰리스,11230120115922,1,1123010600104400005,18,20090205,장안동,440-5
서울특별시 동대문구 용두동 791,1,용두두산위브,용두 두산위브,용두 두산위브,11230120116612,6,1123010200107910000,338,20090618,용두동,791
서울특별시 동대문구 장안동 346-11,1,선경이노블,선경이노블아파트,선경이노블아파트,11230120117612,1,1123010600103460011,8,20090409,장안동,346-11
서울특별시 동대문구 장안동 381-3,1,한강훼미리주상복합아파트,한강 훼미리 주상복합 아파트,한강 훼미리 주상복합 아파트,11230120120288,1,1123010600103810003,72,20090601,장안동,381-3
서울특별시 동대문구 답십리동 1001,1,한신휴플러스그린파크,한신휴플러스그린파크,한신 휴플러스 그린파크,11230120125914,3,1123010500110010000,141,20100930,답십리동,1001
서울특별시 동대문구 용두동 792,1,래미안허브리츠,래미안 허브리츠,래미안 허브리츠,11230120126189,10,1123010200107920000,844,20110428,용두동,792
서울특별시 동대문구 용두동 29-1,1,리채,,,11230120130311,1,1123010200100290001,19,20100629,용두동,29-1
서울특별시 동대문구 답십리동 1002,1,청계한신휴플러스,청계한신 휴 플러스,청계한신 휴 플러스,11230120131055,10,1123010500110020000,725,20100812,답십리동,1002
서울특별시 동대문구 장안동 440-3,1,상록파라브3차,,,11230120131057,1,1123010600104400003,17,20100728,장안동,440-3
서울특별시 동대문구 장안동 440-7,1,상록파라브아파트105동,,,11230120131784,1,1123010600104400007,19,20100917,장안동,440-7
서울특별시 동대문구 장안동 346-9,1,대성장안애캐슬,,,11230120132170,1,1123010600103460009,15,20101025,장안동,346-9
서울특별시 동대문구 전농동 688,1,래미안아름숲,래미안 아름숲,래미안 아름숲,11230120133961,15,1123010400106880000,719,20120726,전농동,688
서울특별시 동대문구 용두동 235-30,1,서안팰리스,서안팰리스아파트,서안팰리스아파트,11230120135367,1,1123010200102350030,19,20110209,용두동,235-30
서울특별시 동대문구 장안동 580,1,장안위더스빌,위더스빌,위더스빌,11230120136389,3,1123010600105800000,157,20110804,장안동,580
서울특별시 동대문구 휘경동 367,1,휘경센트레빌,휘경센트레빌,휘경센트레빌,11230120136620,4,1123010900103670000,246,20110929,휘경동,367
서울특별시 동대문구 회기동 351,1,회기힐스테이트,회기힐스테이트,회기힐스테이트,11230120139581,5,1123010800103510000,190,20111220,회기동,351
서울특별시 동대문구 장안동 365-4,1,서희스타힐스,서희스타힐스,서희스타힐스,11230120139779,1,1123010600103650004,132,20131204,장안동,365-4
서울특별시 동대문구 장안동 581,1,일성트루엘,일성트루엘아파트,일성트루엘아파트,11230120141673,2,1123010600105810000,116,20120726,장안동,581
서울특별시 동대문구 장안동 93-128,1,금성아파트,금성아파트,금성아파트,11230120141749,1,1123010600100930128,18,20110818,장안동,93-128
서울특별시 동대문구 장안동 333-5,1,삼현팰리체,삼현 팰리체 아파트,삼현 팰리체 아파트,11230120143829,1,1123010600103330005,17,20111024,장안동,333-5
서울특별시 동대문구 전농동 689,1,와이시티휘경,와이시티휘경,와이시티휘경,11230120147076,1,1123010400106890000,64,20120109,전농동,689
서울특별시 동대문구 장안동 372-5,1,장안뉴시티,장안 NEW CITY,장안 NEW CITY,11230120148990,1,1123010600103720005,149,20120118,장안동,372-5
서울특별시 동대문구 장안동 582,1,홍해오크펠리스3차,오크팰리스3차,오크팰리스3차,11230120149706,1,1123010600105820000,31,20120209,장안동,582
서울특별시 동대문구 이문동 429,1,대성유니드아파트,이문동 대성 유니드 아파트,이문동 대성 유니드 아파트,11230120149744,2,1123011000104290000,88,20120220,이문동,429
서울특별시 동대문구 휘경동 368,1,브라운스톤휘경,브라운스톤휘경,브라운스톤휘경,11230120150413,8,1123010900103680000,451,20131025,휘경동,368
서울특별시 동대문구 장안동 364-9,1,태솔타워,태솔타워,태솔타워,11230120152328,1,1123010600103640009,27,20120330,장안동,364-9
서울특별시 동대문구 장안동 344-8,1,태솔타운(1차),태솔타운,태솔타운,11230120161625,1,1123010600103440008,28,20120713,장안동,344-8
서울특별시 동대문구 답십리동 498-7,1,청계지웰에스테이트,청계G well estates,청계G well estates,11230120163681,1,1123010500104980007,149,20120918,답십리동,498-7
서울특별시 동대문구 장안동 346-28,1,NS파크타운,,,11230120167278,1,1123010600103460028,8,20121218,장안동,346-28
서울특별시 동대문구 회기동 346-18,1,베라체캠퍼스,회기역 한일베라체캠퍼스,회기역 한일베라체캠퍼스,11230120176884,1,1123010800103460018,264,20130624,회기동,346-18
서울특별시 동대문구 장안동 345-10,1,코지언레지던스,코지언 레지던스,코지언 레지던스,11230120177213,1,1123010600103450010,62,20130506,장안동,345-10
서울특별시 동대문구 전농동 103-106,1,CNHHome,CNH Home,CNH Home,11230120177996,1,1123010400101030106,27,20130523,전농동,103-106
서울특별시 동대문구 이문동 256-2,1,투니온,,,11230120181709,1,1123011000102560002,28,20130723,이문동,256-2
서울특별시 동대문구 답십리동 488-18,1,센시티16,센시티16,센시티16,11230120181897,1,1123010500104880018,243,20130809,답십리동,488-18
서울특별시 동대문구 이문동 254-40,1,주성아우라,주성 아우라,주성 아우라,11230120276232,1,1123011000102540040,29,20131018,이문동,254-40
서울특별시 동대문구 장안동 466-5,1,장안푸르미에,,,11230120277695,1,1123010600104660005,147,20131114,장안동,466-5
서울특별시 동대문구 장안동 583,1,우성5차에비뉴,우성5차에비뉴아파트,우성5차에비뉴아파트,11230120277697,1,1123010600105830000,32,20131024,장안동,583
서울특별시 동대문구 장안동 312-8,1,태솔에버빌,태솔에버빌,태솔에버빌,11230120278120,1,1123010600103120008,29,20131029,장안동,312-8
서울특별시 동대문구 회기동 57-30,1,(57-30),,,11230120278250,2,1123010800100570030,29,20131205,회기동,57-30
서울특별시 동대문구 장안동 584,1,형인휴아름101동,형인휴아름아파트,형인휴아름아파트,11230120284500,1,1123010600105840000,44,20131231,장안동,584
서울특별시 동대문구 용두동 112-8,1,한양아이클래스,동대문한양아이클래스,동대문한양아이클래스,11230120285071,1,1123010200101120008,60,20140113,용두동,112-8
서울특별시 동대문구 제기동 1213,1,어진재,어진재,어진재,11230120287689,1,1123010300112130000,124,20140418,제기동,1213
서울특별시 동대문구 장안동 382-2,1,제이드파크(382-2),제이드파크,제이드파크,11230120288787,1,1123010600103820002,40,20140509,장안동,382-2
서울특별시 동대문구 용두동 138-59,1,리안빌딩,,,11230120290804,1,1123010200101380059,22,20140519,용두동,138-59
서울특별시 동대문구 장안동 373-1,1,양우내안애애플,양우 내안애 애플,양우 내안애 애플,11230120291332,1,1123010600103730001,105,20140530,장안동,373-1
서울특별시 동대문구 장안동 367-11,1,태솔타운3차,태솔타운3차,태솔타운3차,11230120292545,1,1123010600103670011,28,20140514,장안동,367-11
서울특별시 동대문구 장안동 367-4,1,태솔타운2차,태솔타운2차,태솔타운2차,11230120292555,1,1123010600103670004,28,20140514,장안동,367-4
서울특별시 동대문구 장안동 383-10,1,태솔에버빌2차,태솔에버빌2차,태솔에버빌2차,11230120312027,1,1123010600103830010,33,20150115,장안동,383-10
서울특별시 동대문구 장안동 383-11,1,태솔에버빌3차,태솔에버빌3차,태솔에버빌3차,11230120312306,1,1123010600103830011,33,20150115,장안동,383-11
서울특별시 동대문구 답십리동 497-23,1,청계푸르지오시티,청계 푸르지오시티,청계 푸르지오시티,11230120313009,1,1123010500104970023,298,20150217,답십리동,497-23
서울특별시 동대문구 용두동 794,1,용두롯데캐슬리치,용두롯데캐슬리치,용두롯데캐슬리치,11230120314688,5,1123010200107940000,311,20150313,용두동,794
서울특별시 동대문구 장안동 372-9,1,청솔아파트(A동),청솔아파트,청솔아파트,11230120323370,1,1123010600103720009,20,20150813,장안동,372-9
서울특별시 동대문구 장안동 372-16,1,청솔아파트(B동),청솔아파트,청솔아파트,11230120323415,1,1123010600103720016,26,20150813,장안동,372-16
서울특별시 동대문구 장안동 373-3,1,현대썬앤빌601,현대썬앤빌601,현대썬앤빌601,11230120325817,1,1123010600103730003,193,20151002,장안동,373-3
서울특별시 동대문구 전농동 690,1,래미안크레시티,래미안 크레시티,래미안 크레시티,11230120330456,31,1123010400106900000,2397,20141023,전농동,690
서울특별시 동대문구 답십리동 1003,1,래미안위브,래미안위브,래미안위브,11230120331939,32,1123010500110030000,2652,20141013,답십리동,1003
서울특별시 동대문구 장안동 456-8,1,스타파크아파트,스타파크아파트,스타파크아파트,11230120333082,1,1123010600104560008,36,20160226,장안동,456-8
서울특별시 동대문구 제기동 1158-40,1,어반넥서스,어반넥서스,어반넥서스,11230120340301,1,1123010300111580040,28,20160722,제기동,1158-40
서울특별시 동대문구 장안동 382-5,1,태솔아파트1차,태솔아파트1차,태솔아파트1차,11230120341271,1,1123010600103820005,60,20160822,장안동,382-5
서울특별시 동대문구 장안동 415-1,1,양지쉐르빌아파트(415-1),양지 쉐르빌아파트,양지 쉐르빌아파트,11230120341478,1,1123010600104150001,28,20160901,장안동,415-1
서울특별시 동대문구 휘경동 369,1,휘경제이스카이아파트,휘경 제이스카이 아파트,휘경 제이스카이 아파트,11230120341987,1,1123010900103690000,64,20160901,휘경동,369
서울특별시 동대문구 용두동 104-3,1,동대문푸르지오시티(도시형생활주택),동대문 푸르지오시티,동대문 푸르지오시티,11230120342388,1,1123010200101040003,299,20160909,용두동,104-3
서울특별시 동대문구 장안동 374-9,1,가우디트윈캐슬1,가우디트윈캐슬1,가우디트윈캐슬1,11230120342773,1,1123010600103740009,21,20161005,장안동,374-9
서울특별시 동대문구 장안동 415-14,1,가우디캐슬,가우디 캐슬,가우디 캐슬,11230120342774,1,1123010600104150014,28,20160930,장안동,415-14
서울특별시 동대문구 장안동 346-2,1,태솔아파트2차,태솔아파트2차,태솔아파트2차,11230120343212,1,1123010600103460002,42,20161025,장안동,346-2
서울특별시 동대문구 장안동 342-21,1,월튼파크뷰(342-21),월튼파크뷰,월튼파크뷰,11230120343941,1,1123010600103420021,27,20161117,장안동,342-21
서울특별시 동대문구 장안동 374-8,1,가우디트윈캐슬2,가우디트윈캐슬2,가우디트윈캐슬2,11230120343942,1,1123010600103740008,21,20161125,장안동,374-8
서울특별시 동대문구 장안동 351-5,1,에메랄드(351-5),에메랄드 아파트 ,에메랄드 아파트,11230120344977,1,1123010600103510005,29,20161220,장안동,351-5
서울특별시 동대문구 답십리동 530-15,1,현대썬앤빌청계,현대썬앤빌 청계,현대썬앤빌 청계,11230120345027,1,1123010500105300015,269,20161222,답십리동,530-15
서울특별시 동대문구 장안동 319-6,1,U-포그니,U-포그니,U-포그니,11230120345329,1,1123010600103190006,29,20161229,장안동,319-6
서울특별시 동대문구 이문동 255-261,1,울진군재경학사관,울진군 재경 학사관,울진군 재경 학사관,11230120345334,1,1123011000102550261,55,20161226,이문동,255-261
서울특별시 동대문구 이문동 329-1,1,민족통일MJ캠퍼스외대,민족통일MJ캠퍼스외대,민족통일MJ캠퍼스외대,11230120345336,1,1123011000103290001,50,20161228,이문동,329-1
서울특별시 동대문구 답십리동 494-1,1,한일노벨리아,한일노벨리아,한일노벨리아,11230120345485,1,1123010500104940001,78,20161219,답십리동,494-1
서울특별시 동대문구 장안동 382-3,1,청명에버아트1차,청명에버아트 1차,청명에버아트 1차,11230120347300,1,1123010600103820003,18,20170124,장안동,382-3
서울특별시 동대문구 장안동 382-4,1,청명에버아트2차,청명에버아트 2차,청명에버아트 2차,11230120347301,1,1123010600103820004,18,20170124,장안동,382-4
서울특별시 동대문구 장안동 372-8,1,청명에버아트3차,청명에버아트3차,청명에버아트3차,11230120350530,1,1123010600103720008,34,20170522,장안동,372-8
서울특별시 동대문구 장안동 335-7,1,젬스톤힐즈,젬스톤 힐즈,젬스톤 힐즈,11230120350537,1,1123010600103350007,27,20170518,장안동,335-7
서울특별시 동대문구 회기동 67-3,1,민족통일MJ캠퍼스경희대,민족통일MJ캠퍼스경희대,,11230120355451,1,1123010800100670003,110,20170731,회기동,67-3
서울특별시 동대문구 용두동 233-23,1,KYTOWER,KY TOWER,KY TOWER,11230120357064,1,1123010200102330023,56,20170922,용두동,233-23
서울특별시 동대문구 답십리동 1008,1,청계와이즈노벨리아,청계와이즈노벨리아아파트,청계와이즈노벨리아아파트,11230120357512,2,1123010500110080000,99,20171027,답십리동,1008
서울특별시 동대문구 회기동 77-40,1,한성베스트빌,한성베스트빌,한성베스트빌,11230120358726,1,1123010800100770040,59,20171116,회기동,77-40
서울특별시 동대문구 신설동 117-9,1,신설동지웰홈스,신설동 지웰홈스,신설동 지웰홈스,11230120359540,1,1123010100101170009,170,20171130,신설동,117-9
서울특별시 동대문구 답십리동 1013,1,래미안미드카운티,래미안 미드카운티,래미안 미드카운티,11230120365931,12,1123010500110130000,1009,20190405,답십리동,1013
서울특별시 동대문구 전농동 695,1,동대문롯데캐슬노블레스,동대문 롯데캐슬 노블레스,동대문 롯데캐슬 노블레스,11230120372936,5,1123010400106950000,584,20180629,전농동,695
서울특별시 동대문구 답십리동 1009,1,힐스테이트청계,힐스테이트 청계,힐스테이트 청계,11230120372945,8,1123010500110090000,764,20181130,답십리동,1009
서울특별시 동대문구 장안동 346-1,1,태솔아파트3차,태솔아파트3차,태솔아파트3차,11230120373334,1,1123010600103460001,80,20180717,장안동,346-1
서울특별시 동대문구 장안동 586,1,U포그니2차,U포그니 2차,U포그니 2차,11230120373989,1,1123010600105860000,54,20180727,장안동,586
서울특별시 동대문구 장안동 344-2,1,다우하임,다우하임,다우하임,11230120374479,1,1123010600103440002,28,20180828,장안동,344-2
서울특별시 동대문구 장안동 364-7,1,스마트트라움,스마트트라움,스마트트라움,11230120374912,1,1123010600103640007,27,20180911,장안동,364-7
서울특별시 동대문구 신설동 100-26,1,포레스트힐시티,포레스트힐시티,,11230120375250,1,1123010100101000026,90,20180917,신설동,100-26
서울특별시 동대문구 이문동 327-4,1,민족통일MJ캠퍼스외대2차,민족통일 MJ캠퍼스 외대2차,민족통일 MJ캠퍼스 외대2차,11230120381256,1,1123011000103270004,59,20181121,이문동,327-4
서울특별시 동대문구 답십리동 1014,1,답십리파크자이,답십리파크자이,답십리파크자이,11230120383573,9,1123010500110140000,802,20190122,답십리동,1014
서울특별시 동대문구 용두동 255-49,1,청계한양아이클래스,청계 한양아이클래스,청계 한양아이클래스,11230120384169,1,1123010200102550049,96,20190226,용두동,255-49
서울특별시 동대문구 답십리동 530-4,1,보광타워,보광타워,보광타워,11230120386884,1,1123010500105300004,160,20190405,답십리동,530-4
서울특별시 동대문구 장안동 372-12,1,아르떼하임,아르떼하임,,11230120387295,1,1123010600103720012,28,20190514,장안동,372-12
서울특별시 동대문구 이문동 288-7,1,그레이스힐타운,그레이스 힐 타운,그레이스 힐 타운,11230120387693,1,1123011000102880007,110,20191030,이문동,288-7
서울특별시 동대문구 휘경동 372,1,휘경SK뷰,휘경에스케이뷰,휘경에스케이뷰,11230120390827,8,1123010900103720000,900,20190618,휘경동,372
서울특별시 동대문구 용두동 104-34,1,가우디캐슬,가우디캐슬,가우디캐슬,11230120392012,1,1123010200101040034,64,20190627,용두동,104-34
서울특별시 동대문구 전농동 597-5,1,리베르떼,리베르떼,리베르떼,11230120392452,1,1123010400105970005,29,20190715,전농동,597-5
서울특별시 동대문구 장안동 415-10,1,글로벌팰리스,글로벌팰리스,글로벌팰리스,11230120393518,2,1123010600104150010,65,20190829,장안동,415-10
서울특별시 동대문구 장안동 337-2,1,월튼파크뷰2차,월튼파크뷰2차,월튼파크뷰2차,11230120394322,1,1123010600103370002,40,20191011,장안동,337-2
서울특별시 동대문구 장안동 335-10,1,태솔아파트4차,태솔아파트4차,태솔아파트4차,11230120394556,1,1123010600103350010,54,20191002,장안동,335-10
서울특별시 동대문구 용두동 104-33,1,리더스캐슬,리더스캐슬,리더스캐슬,11230120394709,1,1123010200101040033,29,20191008,용두동,104-33
서울특별시 동대문구 답십리동 477-60,1,더헤이븐,더 헤이븐,더 헤이븐,11230120399509,1,1123010500104770060,28,20200106,답십리동,477-60
서울특별시 동대문구 휘경동 336-32,1,캠퍼스드림오피스텔,캠퍼스드림오피스텔,캠퍼스드림오피스텔,11230120399868,1,1123010900103360032,148,20200116,휘경동,336-32
서울특별시 동대문구 이문동 327-7,1,세진빌딩,세진빌딩,세진빌딩,11230120399883,1,1123011000103270007,99,20200117,이문동,327-7
서울특별시 동대문구 장안동 587,1,동대문더퍼스트데시앙,동대문더퍼스트데시앙,동대문더퍼스트데시앙,11230120400422,8,1123010600105870000,469,20191022,장안동,587
서울특별시 동대문구 이문동 291-35,1,이문스카이뷰,이문스카이뷰,이문스카이뷰,11230120400771,1,1123011000102910035,36,20200303,이문동,291-35
서울특별시 동대문구 휘경동 375,1,휘경해모로프레스티지,휘경 해모로 프레스티지,휘경 해모로 프레스티지,11230120401250,6,1123010900103750000,299,20210315,휘경동,375
서울특별시 동대문구 용두동 100-5,1,동대문베네스트,동대문 베네스트,동대문 베네스트,11230120410313,1,1123010200101000005,130,20200618,용두동,100-5
서울특별시 동대문구 장안동 432-11,1,프라하임장안1,프라하임 장안1,프라하임 장안1,11230120410946,1,1123010600104320011,45,20200708,장안동,432-11
서울특별시 동대문구 장안동 334-3,1,태솔아파트5차,태솔아파트5차,태솔아파트5차,11230120411821,1,1123010600103340003,19,20200820,장안동,334-3
서울특별시 동대문구 답십리동 465-55,1,한원힐트리움아파트,한원힐트리움 아파트,한원힐트리움 아파트,11230120413101,1,1123010500104650055,29,20201015,답십리동,465-55
서울특별시 동대문구 장안동 416-1,1,에스아이팰리스장안센텀,에스아이팰리스장안센텀,에스아이팰리스장안센텀,11230120414761,1,1123010600104160001,99,20201127,장안동,416-1
서울특별시 동대문구 답십리동 268-3,1,엘림스퀘어3,엘림스퀘어3,엘림스퀘어3,11230120415441,1,1123010500102680003,99,20201228,답십리동,268-3
서울특별시 동대문구 답십리동 1015,1,답십리엘림퍼스트,답십리엘림퍼스트,답십리엘림퍼스트,11230120415733,1,1123010500110150000,79,20201230,답십리동,1015
서울특별시 동대문구 휘경동 192-1,1,휘경제이스카이시티(청년임대),휘경 제이스카이시티,휘경 제이스카이시티,11230120417142,1,1123010900101920001,99,20210208,휘경동,192-1
서울특별시 동대문구 회기동 65-39,1,민족통일MJ캠퍼스경희대2차,민족통일MJ캠퍼스경희대2차,민족통일MJ캠퍼스경희대2차,11230120417532,1,1123010800100650039,132,20210302,회기동,65-39
서울특별시 동대문구 제기동 757-12,1,건영스타밸리,건영스타밸리,건영스타밸리,11230120418098,1,1123010300107570012,29,20210325,제기동,757-12
서울특별시 동대문구 회기동 60-111,1,회기동에이치21,회기동 에이치21,회기동 에이치21,11230120419421,1,1123010800100600111,26,20210507,회기동,60-111
서울특별시 동대문구 장안동 309-7,1,브이티스타일,브이티스타일,브이티스타일,11230120427176,1,1123010600103090007,75,20210701,장안동,309-7
서울특별시 동대문구 휘경동 377,1,이문휘경지웰에스테이트,이문휘경 지웰에스테이트,이문휘경 지웰에스테이트,11230120428416,2,1123010900103770000,313,20210827,휘경동,377
서울특별시 동대문구 휘경동 376,1,서울휘경행복아파트,서울휘경 행복 아파트,서울휘경 행복 아파트,11230120429201,1,1123010900103760000,200,20210614,휘경동,376
서울특별시 동대문구 용두동 795,1,이편한세상청계센트럴포레,이편한세상 청계 센트럴포레,이편한세상 청계 센트럴포레,11230120430372,8,1123010200107950000,823,20211125,용두동,795
서울특별시 동대문구 장안동 432-12,1,장안솔렌시아6,장안솔렌시아6,장안솔렌시아6,11230120430549,1,1123010600104320012,30,20211203,장안동,432-12
서울특별시 동대문구 이문동 327-1,1,민족통일MJ캠퍼스외대3차,민족통일MJ캠퍼스외대3차,민족통일MJ캠퍼스외대3차,11230120433108,1,1123011000103270001,56,20220328,이문동,327-1
서울특별시 동대문구 용두동 796,1,래미안엘리니티,래미안 엘리니티,,11230120438926,16,1123010200107960000,1048,20220830,용두동,796
서울특별시 동대문구 휘경동 380,1,회기역하트리움역세권청년주택,회기역 하트리움,,11230120442159,2,1123010900103800000,582,20230120,휘경동,380
서울특별시 동대문구 장안동 335-4,1,미가마하나임장안,미가마하나임장안,미가마하나임장안,11230120442584,1,1123010600103350004,20,20230210,장안동,335-4
서울특별시 동대문구 용두동 797,1,청량리역해링턴플레이스,청량리역 해링턴플레이스,,11230120443130,2,1123010200107970000,220,20230130,용두동,797
서울특별시 동대문구 용두동 39-1,1,청량리역한양수자인그라시엘,청량리역 한양수자인 그라시엘,,11230120446536,4,1123010200100390001,1152,20230602,용두동,39-1
서울특별시 동대문구 장안동 465-15,1,파히나더그로브,파히나 더 그로브,,11230120447410,1,1123010600104650015,32,20230824,장안동,465-15
서울특별시 동대문구 신설동 398,1,예그린,예그린,,11230120448260,1,1123010100103980000,40,20231027,신설동,398
서울특별시 동대문구 장안동 590,1,장안동사회주택,유니버설디자인하우스_장안,,11230120449889,1,1123010600105900000,42,20240216,장안동,590
서울특별시 동대문구 장안동 393-8,1,시온,시온,시온,11230120449948,1,1123010600103930008,24,20240222,장안동,393-8
서울특별시 동대문구 제기동 136-3,1,리스트안암,리스트 안암,리스트 안암,11230120452238,1,1123010300101360003,299,20240819,제기동,136-3
서울특별시 동대문구 신설동 96-48,1,신설동역자이르네,신설동역자이르네,신설동역자이르네,11230120453500,2,1123010100100960048,143,20241125,신설동,96-48
서울특별시 동대문구 전농동 97-4,1,아크로이스,아코모회기바이홈즈,아크로이스,11230120453656,1,1123010400100970004,99,20241206,전농동,97-4
