complex_id,slope_mean_100m,slope_median_100m,slope_stdev_100m,slope_min_100m,slope_max_100m,slope_range_100m,slope_mean_150m,slope_median_150m,slope_stdev_150m,slope_min_150m,slope_max_150m,slope_range_150m,slope_mean_200m,slope_median_200m,slope_stdev_200m,slope_min_200m,slope_max_200m,slope_range_200m,slope_mean_300m,slope_median_300m,slope_stdev_300m,slope_min_300m,slope_max_300m,slope_range_300m,school_pc1,straight_dist_m,walk_dist_m,walk_time_min,avg_daily_ridership,station_zone_ord,MDD,CV
0,13.3103071848551,12.8970241546631,0.819687393189431,12.5790100097656,14.4548873901367,1.87587738037109,12.7834632396698,12.5870819091797,0.659388158119534,12.1909875869751,14.4548873901367,2.26389980316162,12.8760043978691,12.5821199417114,1.25540913358244,11.9892673492432,17.2389163970947,5.24964904785156,12.6290843963623,12.5852298736572,1.45202761386392,8.54187202453613,17.2389163970947,8.69704437255859,0.0671918812695998,465.4,581.7,8,16961.0,2,0.36796857328371113,0.09063913884139467
3,12.0611651738485,12.2538223266602,0.437655269253482,11.4554491043091,12.4742240905762,1.01877498626709,12.1140574216843,12.2115483283997,0.332402374170706,11.4554491043091,12.4742240905762,1.01877498626709,12.0089204907417,12.1421098709106,0.422705111361222,10.9299840927124,12.5393571853638,1.60937309265137,11.9692667792825,12.0974740982056,0.615773578384206,10.5751085281372,13.7997007369995,3.2245922088623,0.0671918812695998,253.8,317.2,4,16961.0,1,0.2253903777168181,0.07296380182762671
5,12.1540293693542,12.1569213867188,0.0731899131133649,12.0484523773193,12.2538223266602,0.20536994934082,12.1212436887953,12.1692743301392,0.254950624608888,11.4554491043091,12.4158544540405,0.960405349731445,12.0196574716007,12.1692743301392,0.396535795493945,10.9299840927124,12.4742240905762,1.54423999786377,12.0184174128941,12.1692743301392,0.481176916074256,10.4273090362549,12.7298564910889,2.30254745483398,0.0671918812695998,157.1,196.3,3,16961.0,1,0.21814297579942057,0.0799111030571809
7,11.9708521366119,11.9768676757812,0.41003162696756,11.4554491043091,12.4742240905762,1.01877498626709,11.9824937184652,12.1692743301392,0.486504457347924,10.9299840927124,12.4742240905762,1.54423999786377,12.0047772725423,12.1445684432983,0.437505100396277,10.9299840927124,12.5393571853638,1.60937309265137,12.1521737277508,12.1471128463745,0.655729208240621,10.9299840927124,13.7997007369995,2.86971664428711,0.0671918812695998,274.8,343.5,5,16961.0,1,0.19230769230769235,0.09503874582882875
8,11.9708521366119,11.9768676757812,0.41003162696756,11.4554491043091,12.4742240905762,1.01877498626709,12.1152783632278,12.2765879631042,0.375490620172902,11.4554491043091,12.5393571853638,1.08390808105469,12.0390355246408,12.1594657897949,0.434000983542981,10.9299840927124,12.5393571853638,1.60937309265137,12.3010593582602,12.1594657897949,0.871792713790789,10.9299840927124,14.7894611358643,3.85947704315186,0.0671918812695998,310.1,387.6,5,16961.0,1,0.10869565217391296,0.08731815244833674
17,12.4341568946838,12.4110770225525,0.0801857828269478,12.3548612594604,12.5596122741699,0.204751014709473,12.562383333842,12.5596122741699,0.196214582793416,12.3548612594604,13.0056886672974,0.650827407836914,12.5648650527,12.5834965705872,0.163433446975619,12.3473033905029,13.0056886672974,0.658385276794434,12.5732429231916,12.5729541778564,0.37862722189806,12.0673828125,14.4548873901367,2.38750457763672,0.2143461003739376,428.2,535.2,7,16961.0,2,0.23398328690807793,0.12740995515518
20,12.4401822090149,12.4231276512146,0.0763139472625231,12.3548612594604,12.5596122741699,0.204751014709473,12.5486229790582,12.4976949691772,0.193291451328943,12.3548612594604,13.0056886672974,0.650827407836914,12.5316074916295,12.5286536216736,0.201152496637163,12.1694049835205,13.0056886672974,0.836283683776855,12.5196003232683,12.5596122741699,0.193026536363384,12.1694049835205,13.0056886672974,0.836283683776855,0.2143461003739376,400.1,500.1,7,16961.0,2,0.23582561368145355,0.12728148702282777
22,12.5743272304535,12.5804686546326,0.118528429401341,12.4009552001953,12.7354164123535,0.334461212158203,12.4511888292101,12.5729541778564,0.220680477799131,12.0673828125,12.7354164123535,0.668033599853516,12.7881971767971,12.5119194984436,1.13463565717848,12.0673828125,16.8042678833008,4.73688507080078,12.4430672236851,12.5596122741699,1.642827642906,7.94655513763428,17.4427928924561,9.49623775482178,0.2143461003739376,616.0,770.0,10,16961.0,2,0.1345985745024207,0.13600264783834914
25,12.5743272304535,12.5804686546326,0.118528429401341,12.4009552001953,12.7354164123535,0.334461212158203,12.5264005661011,12.5119194984436,0.124918913551292,12.3548612594604,12.7354164123535,0.380555152893066,12.4635087966919,12.4473180770874,0.212707276324549,12.0673828125,12.9167289733887,0.849346160888672,12.7953751303933,12.5790100097656,1.18091302855466,10.6896591186523,17.4427928924561,6.75313377380371,0.2143461003739376,580.2,725.3,10,16961.0,2,0.19908466819221984,0.1585191121169889
28,12.0111382007599,12.1618309020996,0.275245548190367,11.5351676940918,12.1857233047485,0.650555610656738,11.8237274885178,12.0810322761536,0.48795198369061,10.9299840927124,12.3573236465454,1.42733955383301,11.8704101443291,12.0329742431641,0.408832590347465,10.9299840927124,12.3573236465454,1.42733955383301,12.0788187419667,12.1824083328247,0.429609122852837,10.9299840927124,13.1238975524902,2.19391345977783,0.0671918812695998,265.4,331.7,5,16961.0,1,0.11434126690069343,0.17643221164139214
37,12.4012791315715,12.2451181411743,0.373792845083109,12.0419902801514,12.9167289733887,0.874738693237305,13.1735129356384,12.7428398132324,1.64003651328741,12.0419902801514,17.4427928924561,5.40080261230469,12.6315689086914,12.660831451416,1.44428928191339,9.62422561645508,17.4427928924561,7.81856727600098,12.1465891974313,12.5729541778564,1.93641352207409,7.23573875427246,17.4427928924561,10.2070541381836,0.2143461003739376,779.9,974.9,13,16961.0,3,0.12933333333333324,0.14851978642791852
38,12.491429567337,12.4483160972595,0.143552256986272,12.3473033905029,12.7217826843262,0.374479293823242,12.4443613290787,12.4294304847717,0.158486293606502,12.1694049835205,12.7217826843262,0.552377700805664,12.4595612287521,12.4491014480591,0.157928283394743,12.1694049835205,12.7354164123535,0.566011428833008,12.5088340486799,12.4599237442017,0.220286825284743,12.1055164337158,13.0956735610962,0.990157127380371,0.2143461003739376,496.4,620.5,8,16961.0,2,0.11824324324324333,0.14668991982358767
41,11.9346976280212,11.9580464363098,0.251841529206345,11.5617437362671,12.2609539031982,0.699210166931152,12.1020170450211,12.1876378059387,0.251144059669371,11.5617437362671,12.3573236465454,0.79557991027832,11.954258782523,12.0615062713623,0.378454920688943,11.2404632568359,12.4517688751221,1.21130561828613,12.04583871024,12.1694049835205,0.4868185598646,10.9299840927124,13.1238975524902,2.19391345977783,0.0671918812695998,387.8,484.8,7,16961.0,2,0.20948486759200033,0.1388962655851836
42,12.7042512893677,12.6352233886719,0.238876124277863,12.4508848190308,13.0956735610962,0.64478874206543,12.7096775902642,12.6921443939209,0.205690960986926,12.4009552001953,13.0956735610962,0.694718360900879,12.6170779636928,12.6352233886719,0.224325844079577,12.2451181411743,13.0956735610962,0.850555419921875,12.6736795697893,12.5946731567383,0.874857756616859,11.2526330947876,17.4427928924561,6.19015979766846,0.2143461003739376,694.4,867.9,11,16961.0,3,0.11597580134246628,0.13230805695624578
44,12.4669318199158,12.4554042816162,0.093509576213171,12.3473033905029,12.6096153259277,0.262311935424805,12.4803082942963,12.4554042816162,0.120637022376337,12.3473033905029,12.7217826843262,0.374479293823242,12.548898424421,12.4788093566895,0.196249139809426,12.3473033905029,13.0956735610962,0.748370170593262,12.5263458524431,12.5286455154419,0.213419966069247,12.1694049835205,13.0956735610962,0.926268577575684,0.2143461003739376,590.9,738.6,10,16961.0,2,0.039215686274509755,0.15213717595753645
46,12.1680990854899,12.2609539031982,0.193612895059194,11.8985967636108,12.3447465896606,0.446149826049805,11.9207860098945,12.0174961090088,0.335476212305693,11.3343706130981,12.3447465896606,1.0103759765625,11.9742655158043,12.1374607086182,0.376389184347024,11.1274490356445,12.4517688751221,1.32431983947754,12.0416009357997,12.1722345352173,0.470490817608392,11.1274490356445,13.1238975524902,1.9964485168457,0.0671918812695998,433.7,542.1,7,16961.0,2,0.2294572328910366,0.15103439499446467
48,12.1333136558533,12.0844469070435,0.689010177965719,11.2404632568359,13.1238975524902,1.8834342956543,11.9580372571945,11.7958726882935,0.538041926296395,11.2404632568359,13.1238975524902,1.8834342956543,11.9029493927956,11.8676805496216,0.506541461326888,10.9299840927124,13.1238975524902,2.19391345977783,12.3274892807007,12.0010185241699,1.37799954988707,10.9299840927124,17.8484516143799,6.91846752166748,0.0671918812695998,469.6,587.0,8,16961.0,2,0.14454277286135683,0.10449116627741377
49,12.5327281951904,12.5286455154419,0.0611794824831567,12.4599237442017,12.6096153259277,0.149691581726074,12.5895970662435,12.5286455154419,0.215709729060587,12.3473033905029,13.0956735610962,0.748370170593262,12.5811777114868,12.5691304206848,0.18472672791412,12.3473033905029,13.0956735610962,0.748370170593262,12.5315066225388,12.5257258415222,0.211981585024802,12.1694049835205,13.0956735610962,0.926268577575684,0.2143461003739376,653.6,817.0,11,16961.0,3,0.19354838709677413,0.18102332077468974
57,14.1471762657166,13.6253108978271,2.26423610927267,11.5668563842773,17.7712268829346,6.20437049865723,13.5443949169583,13.3332662582397,2.05398483292447,11.0366125106812,17.7712268829346,6.73461437225342,13.3745933771133,12.8548703193665,1.95808707292928,11.0366125106812,17.7712268829346,6.73461437225342,13.2349555299089,12.7201814651489,2.59807600509036,9.20910835266113,21.4704723358154,12.2613639831543,-0.1688411778833142,225.3,281.6,4,13913.0,1,0.23639786255657588,0.07631821066765385
58,12.3345537185669,12.6328363418579,0.484910533435874,11.6506433486938,12.7201814651489,1.06953811645508,12.6553292274475,12.7247862815857,0.629566148108833,11.6506433486938,13.607105255127,1.95646190643311,13.0697204470634,12.7597055435181,1.06233854493514,11.6506433486938,16.0469493865967,4.39630603790283,13.749843106951,13.214994430542,2.06864982413611,11.2930030822754,21.1865253448486,9.89352226257324,-0.0508246483068572,444.2,555.3,7,13913.0,2,0.4197313845123253,0.2214267447486892
60,13.6769529978434,13.3332662582397,1.81116300130787,11.6506433486938,16.0469493865967,4.39630603790283,13.8948216438293,13.1264934539795,1.8887825724872,11.6506433486938,17.7712268829346,6.12058353424072,13.3079636096954,12.8548703193665,1.55495673285012,11.5668563842773,17.7712268829346,6.20437049865723,13.6036267961775,13.1313676834106,1.99061730369597,10.91077709198,19.0470409393311,8.13626384735107,-0.0508246483068572,326.4,407.9,6,13913.0,2,0.21739130434782614,0.05209112720823535
61,12.3395963668823,12.3249940872192,0.470307841499167,11.7478456497192,13.1238975524902,1.376051902771,12.6312670177884,12.1209411621094,1.29871645292854,11.7478456497192,16.1271190643311,4.37927341461182,12.5971352032253,12.0609798431396,1.29497921516956,11.5674676895142,16.1271190643311,4.55965137481689,13.5518489786097,12.0174961090088,3.44518771309715,10.9299840927124,24.9206409454346,13.9906568527222,0.0671918812695998,579.3,724.1,10,16961.0,2,0.3131723477892432,0.20558319952945137
63,12.6610245704651,12.6786403656006,0.039077689912588,12.5946731567383,12.6921443939209,0.0974712371826172,12.6990925470988,12.6862783432007,0.222960642174684,12.2126789093018,13.0956735610962,0.882994651794434,12.7223760380464,12.6862783432007,0.204622451501307,12.2126789093018,13.0956735610962,0.882994651794434,12.4741403307234,12.6596956253052,0.749427404243207,8.79238414764404,13.2240238189697,4.43163967132568,0.2143461003739376,884.8,1106.0,14,16961.0,3,0.43421615282335424,0.2051002677037336
66,12.460994720459,11.9988927841187,0.746643866910298,11.869815826416,13.5142755508423,1.64445972442627,12.9247399568558,11.9673433303833,2.33525126329777,10.4007215499878,18.6320056915283,8.23128414154053,13.6755343119303,12.7321977615356,2.62637103644942,10.4007215499878,18.6320056915283,8.23128414154053,13.05782626697,12.7321977615356,4.80401708133799,2.07555222511292,25.7209968566895,23.6454446315765,-0.1688411778833142,54.1,67.6,1,13913.0,1,0.2945921985815604,0.0763642633913857
68,13.737152338028,12.6920456886292,2.42842406139523,11.7932910919189,17.7712268829346,5.97793579101562,14.4640742407905,13.5142755508423,2.57539108432974,11.7932910919189,18.6320056915283,6.83871459960938,14.0175254940987,12.6260080337524,3.15319711060362,10.4007215499878,21.4704723358154,11.0697507858276,13.9008484337781,12.7321977615356,4.28598201674931,2.4635865688324,25.7209968566895,23.2574102878571,-0.1688411778833142,113.8,142.3,2,13913.0,1,0.14475138121546957,0.18186076267099713
77,17.0682284832001,16.2737708091736,2.71936137494601,14.5388469696045,21.1865253448486,6.64767837524414,17.7501146528456,15.8629455566406,5.00627364950729,11.7791900634766,27.4389305114746,15.659740447998,17.3260079065959,15.8629455566406,4.76323293936689,11.7791900634766,27.4389305114746,15.659740447998,16.5961234228952,13.607105255127,5.91449487062653,11.2930030822754,32.2828178405762,20.9898147583008,-0.1688411778833142,610.7,763.4,10,13913.0,2,0.32428848293657386,0.12752141850379425
78,12.5575408935547,12.5444779396057,0.0560521360459347,12.4966259002686,12.6445817947388,0.147955894470215,12.5568073987961,12.605152130127,0.133685080879213,12.243968963623,12.6764764785767,0.432507514953613,12.5895724892616,12.6443681716919,0.168440472674151,12.1756925582886,12.8493356704712,0.673643112182617,12.5973010624156,12.6443681716919,0.30950121795997,11.5362424850464,13.4568271636963,1.9205846786499,0.2143461003739376,891.8,1114.8,14,16961.0,3,0.15280837388285476,0.22320905414556902
84,12.2534818649292,12.2585544586182,0.0526873771420318,12.1756925582886,12.3211259841919,0.14543342590332,12.1789869070053,12.2098307609558,0.327652583923029,11.5362424850464,12.7916421890259,1.25539970397949,12.2728033746992,12.2595100402832,0.341106247259422,11.5362424850464,12.7916421890259,1.25539970397949,12.2313925606864,12.3130350112915,0.498532209102407,11.1685962677002,13.4568271636963,2.28823089599609,0.0671918812695998,833.4,1041.7,14,16961.0,3,0.15662650602409636,0.1042741705499568
86,12.6434268951416,12.644154548645,0.0981906964251881,12.5228061676025,12.7633199691772,0.240513801574707,12.6388621330261,12.6644611358643,0.0935911502954536,12.4966259002686,12.7633199691772,0.266694068908691,12.6637521107992,12.6596956253052,0.135367052762355,12.3799810409546,12.9022092819214,0.522228240966797,12.6325085231236,12.6596956253052,0.262534933709766,12.1756925582886,13.4568271636963,1.28113460540771,0.2143461003739376,996.7,1245.9,16,16961.0,4,0.2275902684700054,0.15638316204960462
88,12.2049433390299,12.2731399536133,0.13183941836147,12.0205640792847,12.3211259841919,0.300561904907227,12.1158303154839,12.1756925582886,0.305171097246438,11.5362424850464,12.6424608230591,1.1062183380127,12.0837346806246,12.1756925582886,0.449779904419612,11.1685962677002,12.7916421890259,1.62304592132568,12.1769232621064,12.2458801269531,0.495893324163125,11.1685962677002,13.4568271636963,2.28823089599609,0.0671918812695998,855.3,1069.2,14,16961.0,3,0.12657317511686453,0.15188772990865781
90,13.920539855957,13.7837681770325,0.807745332576971,13.0841636657715,15.0304594039917,1.94629573822021,15.2980529997084,13.9273710250854,3.39368800042198,12.4472427368164,23.3636684417725,10.9164257049561,14.9688095365252,14.0957345962524,2.92840098020227,12.4472427368164,23.3636684417725,10.9164257049561,16.3800337820342,14.8770236968994,3.654743412918,11.7791900634766,25.7209968566895,13.9418067932129,-0.1688411778833142,407.3,509.1,7,13913.0,2,0.21917808219178084,0.07466873784234236
91,11.8063735961914,11.885338306427,0.238936176878232,11.434253692627,12.0205640792847,0.586310386657715,11.7326028347015,11.7795577049255,0.296723575479182,11.1685962677002,12.0695190429688,0.900922775268555,11.7707799911499,11.7503967285156,0.307711616211509,11.1685962677002,12.3211259841919,1.1525297164917,11.9612366171444,11.8167386054993,0.490800752648096,11.1274490356445,13.2224273681641,2.09497833251953,0.0671918812695998,846.7,1058.4,14,16961.0,3,0.029265351163486494,0.03977224038057299
92,12.6700594425201,12.6671380996704,0.125790217435473,12.4966259002686,12.8493356704712,0.352709770202637,12.5945185555352,12.6424608230591,0.182048061345525,12.1756925582886,12.8493356704712,0.673643112182617,12.6653265271868,12.6644611358643,0.290656610677426,12.1756925582886,13.4568271636963,1.28113460540771,12.5558797419071,12.6443681716919,0.355269514797521,11.5362424850464,13.4568271636963,1.9205846786499,0.2143461003739376,997.7,1247.1,16,16961.0,4,0.08330186259280907,0.13652177279420608
93,13.0713248252869,13.1547331809998,0.488110292887833,12.3658227920532,13.6100101470947,1.2441873550415,12.4262765778436,13.3294525146484,3.7704901871877,2.99539041519165,16.8186588287354,13.8232684135437,12.9628210067749,13.4296674728394,3.99924664034702,2.99539041519165,20.2509536743164,17.2555632591248,13.9270152524114,13.5548219680786,4.56110012084042,2.99539041519165,23.8991279602051,20.9037375450134,-0.1688411778833142,309.1,386.3,5,13913.0,1,0.45456151149409907,0.2002711239488078
95,12.5558296839396,12.6424608230591,0.281753410327332,12.1756925582886,12.8493356704712,0.673643112182617,12.3637052774429,12.3848829269409,0.384331346287435,11.5362424850464,12.8493356704712,1.3130931854248,12.3703105449677,12.4088759422302,0.483333141737589,11.5362424850464,13.4568271636963,1.9205846786499,12.3768255009371,12.5097160339355,0.458437618343769,11.434253692627,13.4568271636963,2.02257347106934,1.2487567652622915,956.6,1195.7,15,16961.0,3,0.35714285714285715,0.08616756435422022
96,12.6700594425201,12.6671380996704,0.125790217435473,12.4966259002686,12.8493356704712,0.352709770202637,12.8098406791687,12.7531356811523,0.266301164005083,12.4966259002686,13.4568271636963,0.960201263427734,12.677499516805,12.6847677230835,0.267612088046871,12.1756925582886,13.4568271636963,1.28113460540771,12.5558797419071,12.6443681716919,0.355269514797521,11.5362424850464,13.4568271636963,1.9205846786499,0.2143461003739376,1034.1,1292.6,17,16961.0,4,0.0643325284580889,0.12580032239243677
97,12.6700594425201,12.6671380996704,0.125790217435473,12.4966259002686,12.8493356704712,0.352709770202637,12.7238259315491,12.6671380996704,0.341259374878736,12.1756925582886,13.4568271636963,1.28113460540771,12.648112932841,12.644154548645,0.288581102291392,12.1756925582886,13.4568271636963,1.28113460540771,12.5055529806349,12.6433076858521,0.391809668298621,11.5362424850464,13.4568271636963,1.9205846786499,0.2143461003739376,1016.7,1270.8,16,16961.0,4,0.47871713534199567,0.17642528034076282
98,29.0984382629395,28.3520126342773,1.74161157417535,27.4389305114746,31.5043716430664,4.0654411315918,27.3462689717611,27.4389305114746,8.64284238499879,15.8629455566406,46.6059875488281,30.7430419921875,24.4575524926186,22.9403209686279,7.96942720628134,14.2640981674194,46.6059875488281,32.3418893814087,22.1316124234881,18.2378749847412,10.6040825857032,12.6923131942749,53.6701316833496,40.9778184890747,-0.1688411778833142,720.0,900.0,12,13913.0,3,0.44931092913298376,0.19708669029279172
99,24.567638874054,23.5482721328735,4.41456872021947,19.6696395874023,31.5043716430664,11.8347320556641,27.2650245428085,26.636326789856,9.21173438846875,13.7830457687378,46.6059875488281,32.8229417800903,24.8500035149711,24.312689781189,8.72938960351219,13.22181224823,46.6059875488281,33.3841753005981,23.9857107162476,19.6696395874023,12.738760540826,11.5803995132446,57.1933288574219,45.6129293441772,1.2487567652622915,844.5,1055.6,14,13913.0,3,0.42064321374666197,0.18342745343168532
100,12.1506144205729,12.2731399536133,0.45984717209381,11.5362424850464,12.6424608230591,1.1062183380127,12.0820823907852,12.0981283187866,0.420301689833974,11.5362424850464,12.6921758651733,1.15593338012695,12.2486702799797,12.2585544586182,0.500163683896303,11.5362424850464,13.4568271636963,1.9205846786499,12.2314701360815,12.2595100402832,0.505913629827435,11.1685962677002,13.4568271636963,2.28823089599609,1.2487567652622915,955.5,1194.3,15,16961.0,3,0.19632834958249049,0.12792796570869483
101,12.4300537109375,12.6673183441162,0.52166097087583,11.5362424850464,12.8493356704712,1.3130931854248,12.408791648017,12.4966259002686,0.576902441055854,11.5362424850464,13.4568271636963,1.9205846786499,12.3549610586727,12.4091539382935,0.524722654817157,11.5362424850464,13.4568271636963,1.9205846786499,12.3470893035064,12.4091539382935,0.467216421599274,11.434253692627,13.4568271636963,2.02257347106934,1.2487567652622915,996.4,1245.5,16,16961.0,4,0.1426889877059899,0.1260849478212732
103,13.0432896614075,12.9968318939209,0.17427714637434,12.8758134841919,13.3036813735962,0.427867889404297,12.9086533784866,12.9968318939209,0.351415646461775,12.329137802124,13.3036813735962,0.974543571472168,13.2207490921021,13.1000823974609,0.832563831724212,12.329137802124,16.0509128570557,3.72177505493164,12.8004091807774,12.7633199691772,1.01349489737552,8.84391117095947,16.0509128570557,7.20700168609619,0.2143461003739376,1274.0,1592.5,20,16961.0,4,0.3843449210354172,0.21022672914258345
104,12.9101998806,12.7707557678223,0.324701598754725,12.6424608230591,13.4568271636963,0.814366340637207,12.4551229476929,12.6424608230591,0.58087804444953,11.5362424850464,13.4568271636963,1.9205846786499,12.5092669214521,12.6433076858521,0.491710700765185,11.5362424850464,13.4568271636963,1.9205846786499,12.4128497242928,12.5097160339355,0.446330907943412,11.5362424850464,13.4568271636963,1.9205846786499,1.2487567652622915,1028.4,1285.5,17,16961.0,4,0.5058823529411764,0.18580467603957604
106,14.1366786956787,14.0901646614075,0.927371981343234,12.9645204544067,15.4018650054932,2.43734455108643,14.0297695398331,13.7784504890442,1.13496592172848,12.3658227920532,15.9490604400635,3.58323764801025,14.3189394133432,13.6374545097351,1.83637989817256,12.3658227920532,20.021312713623,7.65548992156982,14.4000932469087,13.8058948516846,4.00373783863633,2.99539041519165,23.8991279602051,20.9037375450134,-0.1688411778833142,228.5,285.7,4,1570.0,1,0.36842919239696914,0.19295138655680613
108,12.1068758964539,12.0995426177979,0.560764311622405,11.5362424850464,12.6921758651733,1.15593338012695,12.4148141145706,12.5258073806763,0.609194300985918,11.5362424850464,13.4568271636963,1.9205846786499,12.3046327318464,12.3411469459534,0.553543876379712,11.5362424850464,13.4568271636963,1.9205846786499,12.2502527236938,12.2585544586182,0.486324034027177,11.434253692627,13.4568271636963,2.02257347106934,1.2487567652622915,1020.3,1275.4,16,16961.0,4,0.5533924992842829,0.25013296487088266
109,14.1238031387329,14.0901646614075,1.31200408963882,12.3658227920532,15.9490604400635,3.58323764801025,15.6108387841119,14.5703191757202,2.74760538565728,12.3658227920532,20.2509536743164,7.88513088226318,15.6330535071237,14.2586050033569,3.1443869035577,12.3658227920532,22.9889698028564,10.6231470108032,15.2515348792076,13.8058948516846,4.75272419574953,2.99539041519165,27.9658088684082,24.9704184532166,-0.1688411778833142,295.2,369.0,5,1570.0,1,0.45383713136729226,0.20522507362847972
110,12.9101998806,12.7707557678223,0.324701598754725,12.6424608230591,13.4568271636963,0.814366340637207,12.8059071302414,12.7637825012207,0.283121419617751,12.4091539382935,13.4568271636963,1.04767322540283,12.4884642283122,12.644154548645,0.507351346556478,11.5362424850464,13.4568271636963,1.9205846786499,12.416739059217,12.5228061676025,0.440066626303983,11.5362424850464,13.4568271636963,1.9205846786499,1.2487567652622915,1070.1,1337.6,17,16961.0,4,0.2850069523673702,0.08872060641517868
111,14.1366786956787,14.0901646614075,0.927371981343234,12.9645204544067,15.4018650054932,2.43734455108643,14.2064762115479,13.8058948516846,0.954947826110312,12.9645204544067,15.9490604400635,2.98453998565674,14.2888745069504,13.6530046463013,1.71698973242657,12.3658227920532,20.021312713623,7.65548992156982,14.0936659083647,13.8058948516846,3.62042501979185,2.99539041519165,22.9889698028564,19.9935793876648,-0.1688411778833142,212.2,265.2,4,1570.0,1,0.2571428571428572,0.07753519281521194
112,12.6417417526245,12.6901216506958,0.181123465896432,12.3997144699097,12.8353891372681,0.435674667358398,12.8064532809787,12.7429513931274,0.265613469112684,12.3997144699097,13.4568271636963,1.05711269378662,12.7301600575447,12.7395815849304,0.249759453940352,12.329137802124,13.4568271636963,1.12768936157227,12.6868624406702,12.6911487579346,0.328578265206457,11.5566244125366,13.4568271636963,1.90020275115967,0.2143461003739376,1152.9,1441.1,19,16961.0,4,0.04001125690364795,0.041104052914657074
114,18.5332708358765,18.676459312439,0.46725226327904,17.8196296691895,18.9605350494385,1.14090538024902,17.1689234972,18.4532279968262,2.49452063478721,12.3436412811279,18.9605350494385,6.61689376831055,17.3759365081787,18.5586643218994,2.55058678227049,11.8746156692505,19.1467189788818,7.27210330963135,18.572055217198,18.4950008392334,2.97481065098187,11.8746156692505,27.2744693756104,15.3998537063599,1.3536347655545813,695.9,869.9,11,6188.0,3,0.2654774396642182,0.14812220830801495
115,14.8220901489258,14.5703191757202,0.836545377562732,13.9468908309937,15.9490604400635,2.00216960906982,14.7216333813137,13.9468908309937,2.15170988048767,12.3658227920532,20.021312713623,7.65548992156982,15.6436566114426,14.2586050033569,3.02213400488478,12.3658227920532,22.9889698028564,10.6231470108032,15.3953447750637,14.1849155426025,4.253352729686,2.99539041519165,27.9658088684082,24.9704184532166,-0.1688411778833142,266.6,333.3,5,1570.0,1,0.31345147068953627,0.07923124147765442
119,16.3698908487956,18.2710304260254,2.84845629214095,12.3436412811279,18.4950008392334,6.15135955810547,16.810341835022,18.1080474853516,2.4278242370421,12.3436412811279,18.9605350494385,6.61689376831055,17.8784418106079,18.4532279968262,2.13449241116435,12.3436412811279,20.9068870544434,8.56324577331543,17.9792427335467,18.2710304260254,2.21633524946622,12.3436412811279,22.4109630584717,10.0673217773438,1.3536347655545813,588.1,735.1,10,6188.0,2,0.1666666666666666,0.041741142769776425
120,12.8574874401093,12.7819843292236,0.383322185979613,12.4091539382935,13.4568271636963,1.04767322540283,12.7756468454997,12.8353891372681,0.30099308830963,12.3536100387573,13.4568271636963,1.10321712493896,12.6088494573321,12.6911487579346,0.455625148891475,11.5566244125366,13.4568271636963,1.90020275115967,12.476528897005,12.5918292999268,0.489418618452471,11.5362424850464,13.4568271636963,1.9205846786499,1.2487567652622915,1145.5,1431.9,18,16961.0,4,0.06914893617021275,0.1133982867948791
121,32.1002464294434,29.3928670883179,12.0863594353829,18.2378749847412,51.3773765563965,33.1395015716553,37.751127243042,37.0706748962402,14.3777917074821,16.8190364837646,57.1933288574219,40.3742923736572,32.6713221867879,31.1085948944092,14.5894827218416,13.1611976623535,57.1933288574219,44.0321311950684,27.8066490590572,27.2639436721802,13.368103157812,11.5978565216064,57.1933288574219,45.5954723358154,1.2487567652622915,980.6,1225.8,16,13913.0,4,0.6408995517057514,0.20465240618926114
122,14.0314602851868,14.1234817504883,0.314300371633593,13.5442447662354,14.3346328735352,0.790388107299805,14.0643147362603,14.1849155426025,0.621188893972484,12.9645204544067,15.3435935974121,2.37907314300537,13.7809125355312,14.0669565200806,0.905601234961065,11.7131147384644,15.3435935974121,3.63047885894775,13.8985205563632,13.9374914169312,1.72743262336305,9.47355842590332,18.7504692077637,9.27691078186035,-0.5686842461978191,93.1,116.4,2,1570.0,1,0.18933396916229564,0.07199469638467368
124,18.9738121032715,17.5284557342529,5.35534900906463,13.1611976623535,27.6771392822266,14.515941619873,25.176860332489,21.0435152053833,12.4560799635403,13.1611976623535,51.3773765563965,38.216178894043,24.4441554886954,17.5284557342529,14.3484889855295,11.6901369094849,57.1933288574219,45.503191947937,27.1131324487574,19.3481540679932,17.1549354538738,11.5978565216064,74.845588684082,63.2477321624756,1.2487567652622915,1056.9,1321.2,17,16961.0,4,0.28630952380952385,0.1999113064377599
125,12.9125912984212,12.8717927932739,0.428682621779162,12.4091539382935,13.4568271636963,1.04767322540283,12.7664357423782,12.7637825012207,0.318053209895791,12.3536100387573,13.4568271636963,1.10321712493896,12.6173402786255,12.6921758651733,0.441320716179895,11.5566244125366,13.4568271636963,1.90020275115967,12.497783442906,12.6424608230591,0.468024852669784,11.5362424850464,13.4568271636963,1.9205846786499,1.2487567652622915,1161.6,1451.9,19,16961.0,4,0.03693931398416878,0.15377517303661142
127,12.7273098627726,12.7564792633057,0.313876200107075,12.329137802124,13.0963125228882,0.76717472076416,12.7006670236588,12.7311787605286,0.229421839837259,12.329137802124,13.0963125228882,0.76717472076416,12.768158531189,12.7362117767334,0.286365156902613,12.329137802124,13.3036813735962,0.974543571472168,12.9024460455951,12.8655128479004,0.316260322484884,12.329137802124,13.8235750198364,1.4944372177124,0.2143461003739376,1316.6,1645.7,21,16961.0,4,0.24829251059821006,0.18638840989321204
128,12.603887240092,12.6757354736328,0.146467825527455,12.3997144699097,12.7362117767334,0.33649730682373,12.6465133031209,12.6855211257935,0.175171603335425,12.329137802124,12.8592329025269,0.530095100402832,12.7371070861816,12.7362117767334,0.276282161564629,12.329137802124,13.4568271636963,1.12768936157227,12.8395465682535,12.8360953330994,0.293053822968222,12.329137802124,13.4568271636963,1.12768936157227,0.2143461003739376,1253.9,1567.3,20,16961.0,4,0.240209752791353,0.19093750614442248
129,12.5553858280182,12.5679631233215,0.192716329355371,12.329137802124,12.7564792633057,0.427341461181641,12.6728554831611,12.6855211257935,0.217814990715703,12.329137802124,13.0963125228882,0.76717472076416,12.6885588509696,12.7311787605286,0.205807679128452,12.329137802124,13.0963125228882,0.76717472076416,12.8902671813965,12.8592329025269,0.269448494497519,12.329137802124,13.4568271636963,1.12768936157227,0.2143461003739376,1279.6,1599.5,20,16961.0,4,0.12307692307692314,0.15263346764837565
133,12.8500621795654,12.8368015289307,0.344558177385935,12.4091539382935,13.4568271636963,1.04767322540283,12.7767465379503,12.8353891372681,0.301278249940301,12.3536100387573,13.4568271636963,1.10321712493896,12.6649330854416,12.7141938209534,0.46536797808934,11.5566244125366,13.4568271636963,1.90020275115967,12.5073195792533,12.644154548645,0.471248495798733,11.5362424850464,13.4568271636963,1.9205846786499,1.2487567652622915,1179.4,1474.2,19,16961.0,4,0.20200840994399064,0.09649110641811709
138,12.6178395748138,12.6229777336121,0.237593937807477,12.3536100387573,12.8717927932739,0.518182754516602,12.6363409757614,12.6839556694031,0.449098464483405,11.7946310043335,13.4568271636963,1.66219615936279,12.5853838324547,12.6839556694031,0.506965566179889,11.5566244125366,13.4568271636963,1.90020275115967,12.4254459653582,12.4966259002686,0.505291075680019,11.5362424850464,13.4568271636963,1.9205846786499,1.2487567652622915,1174.3,1467.9,19,16961.0,4,0.3043754213119005,0.21069210613818595
140,12.6510483423869,12.6757354736328,0.0815054430898698,12.5411977767944,12.7362117767334,0.195013999938965,12.6465133031209,12.6855211257935,0.175171603335425,12.329137802124,12.8592329025269,0.530095100402832,12.8176584243774,12.8353891372681,0.267836449004297,12.329137802124,13.4568271636963,1.12768936157227,12.8403495788574,12.8368015289307,0.283266473447725,12.329137802124,13.4568271636963,1.12768936157227,0.2143461003739376,1279.0,1598.7,20,16961.0,4,0.35177588574946467,0.1936016356331132
141,16.4914240837097,17.4507369995117,2.20902279956841,12.7185592651367,18.3456630706787,5.62710380554199,17.4267423417833,17.5048351287842,1.82631131406971,12.7185592651367,19.449182510376,6.73062324523926,17.2154392004013,17.711329460144,1.88244264952153,12.7185592651367,19.449182510376,6.73062324523926,17.7114513060626,17.9314441680908,1.86326308557881,12.3436412811279,20.9068870544434,8.56324577331543,1.3536347655545813,462.1,577.6,8,6188.0,2,0.3644769985416943,0.09223585641166565
146,39.0053901672363,37.750340461731,11.14334436373,26.8507480621338,53.6701316833496,26.8193836212158,32.9970385233561,29.6646671295166,12.125572031313,17.2915935516357,53.6701316833496,36.3785381317139,34.2516136169434,30.9737424850464,13.5973463940698,17.2915935516357,57.1933288574219,39.9017353057861,30.6808829903603,28.014575958252,13.5544996491497,13.9456624984741,66.3345413208008,52.3888788223267,-0.1688411778833142,853.2,1066.4,14,13913.0,3,0.4171779141104297,0.14490865268934233
147,14.1954278945923,14.2399892807007,0.142784151459577,13.9671001434326,14.3346328735352,0.367532730102539,14.3136841058731,14.2323894500732,0.412679790625666,13.9374914169312,15.3435935974121,1.40610218048096,13.9080963134766,14.0669565200806,0.765636210265664,11.7131147384644,15.3435935974121,3.63047885894775,13.8261036872864,13.9569954872131,1.21783672356837,9.47355842590332,16.7812633514404,7.30770492553711,-0.5686842461978191,157.3,196.6,3,1570.0,1,0.48728035132709374,0.14150035435654224
151,18.5803833007812,18.7079668045044,0.409697870215427,17.9450645446777,18.9605350494385,1.01547050476074,18.2960565090179,18.1558799743652,0.427533150581263,17.8196296691895,18.9605350494385,1.14090538024902,17.6343160356794,17.9664945602417,1.57515343239328,12.3436412811279,18.9605350494385,6.61689376831055,17.5266701834542,17.8196296691895,1.72621076106989,12.3436412811279,20.9068870544434,8.56324577331543,1.3536347655545813,545.3,681.6,9,6188.0,2,0.34408411815362067,0.13301588239438983
152,12.6178395748138,12.6229777336121,0.237593937807477,12.3536100387573,12.8717927932739,0.518182754516602,12.6154108047485,12.6757354736328,0.410179606721829,11.900354385376,13.3788251876831,1.47847080230713,12.6495245615641,12.6921758651733,0.475558895013588,11.7946310043335,13.4568271636963,1.66219615936279,12.4598752856255,12.5918292999268,0.518936677577326,11.5362424850464,13.4568271636963,1.9205846786499,1.2487567652622915,1227.7,1534.6,20,16961.0,4,0.551622418879056,0.1828578337988849
155,12.6798524856567,12.7108664512634,0.0841208869933795,12.5411977767944,12.7564792633057,0.21528148651123,12.8045927286148,12.7463455200195,0.1735088008758,12.5411977767944,13.0963125228882,0.55511474609375,12.8010526657104,12.7564792633057,0.258557739840005,12.329137802124,13.257399559021,0.928261756896973,12.9619717317469,12.8892140388489,0.336615077191876,12.329137802124,13.8235750198364,1.4944372177124,0.2143461003739376,1362.4,1703.0,22,16961.0,4,0.28096213536625325,0.09576032424596223
156,11.8900182247162,11.8672375679016,0.0897170202657929,11.7946310043335,12.030966758728,0.236335754394531,11.9483513302273,11.900354385376,0.216192916881661,11.676308631897,12.3536100387573,0.677301406860352,12.0767121315002,11.9376955032349,0.486666505378396,11.5566244125366,13.5694417953491,2.0128173828125,13.3153750828334,12.2431335449219,3.43666261399248,11.5362424850464,30.5713138580322,19.0350713729858,1.2487567652622915,1180.7,1475.9,19,16961.0,4,0.15062420354651287,0.14586319716132504
158,18.1696224212646,18.1639032363892,0.534562278736296,17.6124877929688,18.7381954193115,1.12570762634277,18.0433583259583,18.5070943832397,1.24611800586322,15.078742980957,19.1870918273926,4.10834884643555,17.6901618412563,18.029200553894,1.71569055359286,12.7185592651367,19.3517932891846,6.63323402404785,18.3508833050728,18.029200553894,2.51484127945537,12.7185592651367,30.2348575592041,17.5162982940674,1.3536347655545813,381.0,476.3,6,6188.0,2,0.22555381965308668,0.08713574831691813
159,26.1574010848999,26.6594142913818,2.51900042505328,22.1863956451416,29.1243801116943,6.93798446655273,24.9267389509413,25.6594734191895,2.83624927425955,20.9177303314209,29.1243801116943,8.20664978027344,23.2288861555212,23.6487846374512,3.65096153093935,15.677638053894,29.1243801116943,13.4467420578003,21.2897196088518,21.2377967834473,4.23319980099256,13.8414554595947,29.1243801116943,15.2829246520996,-0.1688411778833142,598.5,748.1,10,13913.0,2,0.4523596772832947,0.19842270161133752
161,14.1711139678955,14.225950717926,0.144006567244972,13.9374914169312,14.2950630187988,0.357571601867676,14.0717008378771,14.0192136764526,0.55528614769165,13.2839269638062,15.3435935974121,2.05966663360596,14.1893551009042,13.9931569099426,0.869551364297067,13.2839269638062,16.7812633514404,3.49733638763428,13.7864515849522,13.9700489044189,1.4003362387243,8.67494678497314,16.7812633514404,8.10631656646729,-0.5686842461978191,275.0,343.7,5,1570.0,1,0.31933949309974735,0.1505865435325517
163,14.2947158813477,14.201247215271,0.335742764838314,13.9700489044189,14.8063201904297,0.836271286010742,14.1338198184967,13.9946312904358,0.394618866787457,13.7033433914185,14.8063201904297,1.10297679901123,14.0048758983612,14.0930132865906,1.5747760973042,8.67494678497314,16.7812633514404,8.10631656646729,13.959562083653,14.1668128967285,1.60889536103016,8.67494678497314,16.7812633514404,8.10631656646729,-0.5686842461978191,395.6,494.5,7,1570.0,2,0.6309416137891846,0.2750572404934802
164,16.298228263855,16.7452201843262,0.982893134202241,14.9348783493042,17.2145862579346,2.27970790863037,16.5979510545731,16.5426235198975,1.18571761151391,14.9348783493042,18.3816051483154,3.44672679901123,16.7546039581299,16.7452201843262,1.21641390442901,14.9348783493042,18.8031845092773,3.86830615997314,16.7484670246349,16.9101715087891,1.65277981639704,12.7038869857788,19.062328338623,6.35844135284424,1.3536347655545813,530.1,662.6,9,2243.0,2,0.5911499215070644,0.18699294713097286
166,15.8708931605021,16.2035827636719,0.517524735071422,15.1399812698364,16.269115447998,1.12913417816162,15.5252821445465,15.2550458908081,1.25488152075508,13.1790704727173,17.873327255249,4.69425678253174,14.7878661155701,15.1329703330994,1.90873671611418,9.31430339813232,17.873327255249,8.5590238571167,14.947838082033,15.1329703330994,1.77794964579905,9.31430339813232,17.873327255249,8.5590238571167,1.3536347655545813,178.1,222.6,3,2243.0,1,0.4173465423465424,0.17405204649064515
167,24.8651021321615,24.0223369598389,1.46395614839761,23.6487846374512,26.9241847991943,3.27540016174316,24.4185376167297,23.9075918197632,1.79676230348601,21.2377967834473,27.0502910614014,5.8124942779541,24.204391002655,23.9075918197632,2.66126402329735,19.3010692596436,29.1243801116943,9.82331085205078,22.4695469175066,22.7573947906494,3.83564988324526,15.4534282684326,29.701717376709,14.2482891082764,-3.709637895313868,670.1,837.6,11,1570.0,3,0.4135747265509609,0.1804980007885751
169,27.3192892074585,27.7306632995605,5.93682319920193,19.0285758972168,34.7872543334961,15.7586784362793,31.8045295476913,27.7306632995605,15.4737257836368,13.5694417953491,56.3106384277344,42.7411966323853,26.3237328211466,22.2423114776611,13.8160555307441,11.9750366210938,56.3106384277344,44.3356018066406,28.1515435082572,20.4185428619385,18.9701869635627,11.676308631897,80.575798034668,68.899489402771,1.2487567652622915,1363.8,1704.7,22,16961.0,4,0.2749691738594327,0.1291317817332954
170,13.6110076904297,13.6041946411133,0.12991944041863,13.473087310791,13.7625541687012,0.289466857910156,14.0697079896927,13.8908839225769,0.536756112774653,13.473087310791,15.0283164978027,1.55522918701172,14.0965519632612,13.9946312904358,0.585893023008532,13.2839269638062,15.3982229232788,2.11429595947266,14.3044882662156,14.1127114295959,0.680152525937707,13.2839269638062,15.5682592391968,2.28433227539062,-0.5686842461978191,460.9,576.1,8,1570.0,2,0.2721525630596391,0.09121395916519848
172,16.2337620258331,16.1328883171082,1.36424848780475,14.7747097015381,17.8945617675781,3.11985206604004,18.207662820816,17.5768918991089,3.63683285836819,14.7747097015381,26.2020988464355,11.4273891448975,17.1443550927298,16.3563251495361,3.37360984062693,13.3370399475098,26.2020988464355,12.8650588989258,18.0565050178104,17.3132181167603,4.31705679498226,13.0608959197998,27.7467651367188,14.6858692169189,-2.1391610707558435,488.6,610.8,8,1570.0,2,0.26097433486271615,0.1496195500761514
174,13.6115646362305,13.6115646362305,0.0480728149414062,13.5634918212891,13.6596374511719,0.0961456298828125,13.5886957645416,13.6115646362305,0.208048627340866,13.2796831130981,13.885458946228,0.605775833129883,13.6311964392662,13.386372089386,0.950032147387454,12.7270593643188,17.0208301544189,4.2937707901001,13.3940085242776,13.1427917480469,1.87649618760748,8.19515228271484,18.9004592895508,10.7053070068359,-2.5452656751804144,1685.1,2106.4,27,16961.0,4,0.3515848052340301,0.1856821579651582
176,17.0761432647705,16.8325958251953,0.623682420165428,16.4637622833252,17.932071685791,1.46830940246582,17.8374874591827,17.3823337554932,1.98663697742751,16.1234149932861,22.6755142211914,6.55209922790527,17.7143515904744,17.0125980377197,2.2304270325866,15.677638053894,23.5142230987549,7.83658504486084,19.159353873309,17.9862899780273,3.46608943743905,14.3146438598633,27.0502910614014,12.7356472015381,-3.709637895313868,909.7,1137.1,15,13913.0,3,0.498273432823336,0.13616393530732068
177,23.1555871963501,23.2484951019287,2.90395046303036,19.652853012085,26.472505569458,6.81965255737305,22.8107724189758,22.4027099609375,4.05866618403453,17.0619316101074,29.859992980957,12.7980613708496,23.8592967987061,23.8420238494873,5.52052099193548,16.2455940246582,33.8591384887695,17.6135444641113,26.0938345227923,23.8420238494873,11.0155750894035,15.4415950775146,66.3345413208008,50.8929462432861,-0.6536636553879756,1053.8,1317.3,17,13913.0,4,0.5411127871059243,0.21063230632695484
180,12.9479908943176,12.9345679283142,0.0580600751377509,12.8881978988647,13.0346298217773,0.146431922912598,13.0185907151964,13.0346298217773,0.156912673016388,12.7270593643188,13.2796831130981,0.552623748779297,13.0618017060416,13.0588283538818,0.171078021158823,12.7270593643188,13.4131908416748,0.686131477355957,13.1769181700314,13.1304807662964,0.428862909852682,12.23521900177,14.2598695755005,2.02465057373047,-2.5452656751804144,1651.7,2064.7,26,16961.0,4,0.2974183122085266,0.16012721272211028
181,14.7179789543152,14.8555693626404,0.606859490454083,13.7625541687012,15.3982229232788,1.63566875457764,14.4179463386536,14.2420115470886,0.762690054923575,13.4914226531982,15.462064743042,1.97064208984375,14.3909643173218,14.3832807540894,0.722181099028206,13.473087310791,15.462064743042,1.98897743225098,14.5226331983294,14.6303548812866,0.81868059024502,13.2324771881104,17.2184505462646,3.9859733581543,-0.5686842461978191,567.5,709.3,9,1570.0,2,0.36684520884520877,0.15641017726259723
182,12.7855761051178,12.8016705513,0.285187107920264,12.4140844345093,13.1248788833618,0.710794448852539,12.5512040456136,12.6123609542847,0.507527439292171,11.8052034378052,13.3073568344116,1.50215339660645,12.6097613652547,12.6510591506958,0.506240237542707,11.8052034378052,13.3073568344116,1.50215339660645,12.7058245539665,12.8954062461853,0.602858255871942,11.7763872146606,14.2598695755005,2.48348236083984,-2.5452656751804144,1583.3,1979.1,25,16961.0,4,0.3726478439057619,0.11327093440657397
184,13.9918152491252,13.8012008666992,0.504716830502829,13.4914226531982,14.682822227478,1.19139957427979,14.0917229652405,13.8788933753967,0.625000756270035,13.4914226531982,15.462064743042,1.97064208984375,14.304581006368,13.9565858840942,0.816886119174807,13.2839269638062,15.5682592391968,2.28433227539062,14.7649462836129,14.5582294464111,1.25440439808439,13.2324771881104,18.4588012695312,5.2263240814209,-0.5686842461978191,552.6,690.8,9,1570.0,2,0.43447152948852913,0.16952329382384573
185,28.5264348983765,28.5380868911743,5.13091679704686,22.2423114776611,34.7872543334961,12.544942855835,24.0477509498596,23.566162109375,6.98317469612621,14.6778326034546,34.7872543334961,20.1094217300415,28.1612344741821,24.8900127410889,13.2076377814728,13.4185800552368,56.3106384277344,42.8920583724976,29.5914893430822,21.4573583602905,19.3879302292526,11.7763872146606,80.575798034668,68.7994108200073,0.5674945955031078,1480.4,1850.5,24,13913.0,4,0.38522218770845185,0.17816263640937566
186,15.1198909282684,15.076446056366,0.309341778927058,14.753396987915,15.5732746124268,0.819877624511719,14.6752699746026,14.9365892410278,0.757813267620966,13.1476411819458,15.5732746124268,2.42563343048096,14.5541346867879,14.5109844207764,0.646819765685978,13.1476411819458,15.5732746124268,2.42563343048096,14.8052160739899,14.8530459403992,0.741668908509896,13.1476411819458,16.269115447998,3.12147426605225,1.3536347655545813,233.0,291.3,4,2243.0,1,0.47174762737115483,0.19452708497772678
188,34.4338474273682,33.5061187744141,3.07213498604603,31.2324485778809,39.4907035827637,8.25825500488281,42.7563772201538,36.6604080200195,11.5416582156622,31.2324485778809,62.9955635070801,31.7631149291992,41.9371627569199,36.408317565918,14.6052116837632,25.5335941314697,80.575798034668,55.0422039031982,38.1965254147848,33.4239406585693,15.7347914655087,19.652853012085,80.575798034668,60.922945022583,-0.6536636553879756,1277.8,1597.3,20,13913.0,4,0.3888888888888889,0.1428957299212456
189,13.4949572881063,13.7249755859375,0.38923468883761,12.946849822998,13.8130464553833,0.866196632385254,13.5541208982468,13.6923065185547,0.468119879301195,12.7270593643188,14.1555252075195,1.42846584320068,13.3502008914948,13.3384480476379,0.498563928776998,12.2178535461426,14.1555252075195,1.93767166137695,13.0312201415791,13.1813116073608,1.52262427692533,7.75066518783569,17.0208301544189,9.27016496658325,-2.5452656751804144,1840.7,2300.9,29,16961.0,4,0.5328255080760995,0.16313805217562177
193,26.9865449269613,28.3549308776855,4.90058292356994,20.4185428619385,32.1861610412598,11.7676181793213,32.2188538445367,30.1006164550781,10.3125913616821,20.4185428619385,49.0446739196777,28.6261310577393,31.7374831367941,30.1006164550781,13.5426170571856,14.3720855712891,56.4233703613281,42.0512847900391,32.2745950698853,30.5713138580322,16.4751236037428,12.040584564209,80.575798034668,68.535213470459,0.5674945955031078,1505.1,1881.4,24,13913.0,4,0.4095555619964547,0.17906565861327473
194,23.7606325149536,23.8263330459595,3.28526436253423,19.706298828125,27.6835651397705,7.97726631164551,23.5745840072632,23.8263330459595,3.64424292422667,18.871711730957,27.6835651397705,8.81185340881348,23.3625040690104,23.2618350982666,3.42713331054474,17.3672142028809,27.6835651397705,10.3163509368896,22.9343152940273,22.8084840774536,4.1660916640077,14.7747097015381,29.701717376709,14.9270076751709,-3.709637895313868,488.3,610.3,8,18620.0,2,0.4516258608297395,0.19724305767592495
195,22.1531357765198,21.3495674133301,2.44622974122333,19.706298828125,26.2071094512939,6.50081062316895,22.1379515329997,21.6834850311279,3.55764314987289,16.4107627868652,27.6835651397705,11.2728023529053,21.6039672579084,21.2306032180786,3.38561039715605,16.4107627868652,27.6835651397705,11.2728023529053,20.8398680388927,20.524507522583,4.18888939130962,13.9565858840942,27.6835651397705,13.7269792556763,-3.709637895313868,421.3,526.6,7,18620.0,2,0.3994171890712254,0.1371307285087412
197,28.6563777923584,28.8261814117432,2.09671185517921,25.7406997680664,31.2324485778809,5.49174880981445,26.2221105363634,25.7406997680664,4.55638353698363,19.7449035644531,33.6657562255859,13.9208526611328,26.9324051993234,26.7368812561035,4.97622596721473,19.1379795074463,33.8301124572754,14.6921329498291,29.1116894858224,26.472505569458,10.7254105359206,16.5185508728027,62.9955635070801,46.4770126342773,-0.6536636553879756,1151.5,1439.4,18,18620.0,4,0.4881520091678681,0.2058033812572399
200,13.1630845069885,13.1117215156555,0.110227020911332,13.0786895751953,13.3502054214478,0.271515846252441,13.223423242569,13.1383490562439,0.211836943413623,12.946849822998,13.650369644165,0.703519821166992,13.2724464535713,13.2102017402649,0.329648073662987,12.7270593643188,14.090371131897,1.36331176757812,13.4067332479689,13.2958297729492,0.438033948327147,12.7270593643188,14.6136980056763,1.88663864135742,-2.5452656751804144,1904.0,2380.0,30,16961.0,4,0.41978645614103777,0.20601710609793092
201,13.2537038326263,13.1428780555725,0.233828401935577,13.0786895751953,13.650369644165,0.571680068969727,13.365380499098,13.1983957290649,0.367385501816343,13.0786895751953,14.2598695755005,1.18118000030518,13.2780690511068,13.1983957290649,0.321422977858506,12.946849822998,14.2598695755005,1.31301975250244,13.1817443370819,13.1383490562439,0.524157594796885,12.23521900177,14.6136980056763,2.37847900390625,-2.5452656751804144,1886.1,2357.7,30,16961.0,4,0.09230009164852804,0.1400743181911361
203,18.6056370735168,18.7754411697388,0.975388822638937,17.1267623901367,19.7449035644531,2.61814117431641,19.6672538121541,19.4414415359497,2.48427148552877,16.5185508728027,25.7406997680664,9.22214889526367,20.3416340351105,19.4414415359497,3.41809563731926,16.4265232086182,27.7330627441406,11.3065395355225,21.600636780262,20.4339303970337,4.57774859460649,16.383731842041,34.7731285095215,18.3893966674805,-0.6536636553879756,973.1,1216.4,16,18620.0,4,0.30222867949743604,0.13018949625112927
204,15.0819003582001,15.1503481864929,0.364836905456152,14.5109844207764,15.5159206390381,1.00493621826172,15.2692242728339,15.2163028717041,0.909821266910587,14.2047462463379,17.1192302703857,2.91448402404785,15.2102897763252,15.0104250907898,0.943582110041575,13.9614496231079,17.1192302703857,3.15778064727783,15.5038010372835,15.0817890167236,1.49290548027792,13.1476411819458,20.568286895752,7.42064571380615,1.3536347655545813,125.5,156.9,2,16510.0,1,0.4148612114223555,0.13694655687541646
206,14.4067962169647,14.4095892906189,0.203390039071971,14.1577806472778,14.6502256393433,0.49244499206543,14.3389363288879,14.4533333778381,0.303354804670284,13.6422033309937,14.6502256393433,1.00802230834961,14.4515661001205,14.5039825439453,0.400941623064332,13.6422033309937,15.098687171936,1.45648384094238,14.5872860515819,14.5439119338989,0.65852104105715,13.2324771881104,17.0340919494629,3.80161476135254,-0.5686842461978191,551.7,689.6,9,2243.0,2,0.0912732731014574,0.05191837618222475
207,36.9561252593994,36.5790843963623,5.57146499245274,30.1006164550781,44.5657157897949,14.4650993347168,34.3775204552544,33.4987678527832,10.3193100290277,20.6724052429199,54.6366271972656,33.9642219543457,33.9705063956124,35.0062828063965,10.4087039756005,20.4185428619385,54.6366271972656,34.2180843353271,33.6461726869856,33.3396453857422,15.3474075622104,12.6208448410034,74.6328277587891,62.0119829177856,0.5674945955031078,1513.1,1891.4,24,18620.0,4,0.5272610040263003,0.24319802944475813
208,16.5901598930359,16.5507020950317,0.608753229097835,15.9234828948975,17.3357524871826,1.41226959228516,16.9174213409424,16.3514404296875,2.27101197412884,14.2047462463379,21.7967910766602,7.59204483032227,16.7412219047546,15.9924392700195,2.15438424476284,14.2047462463379,21.7967910766602,7.59204483032227,17.2730184282575,16.2301597595215,3.05802762272902,13.1476411819458,25.9925079345703,12.8448667526245,1.3536347655545813,178.9,223.6,3,16510.0,1,0.19564812685480248,0.08432042683832221
212,17.6316428184509,17.0435724258423,1.48869120070489,16.3514404296875,20.0879859924316,3.73654556274414,17.7175699472427,16.9395093917847,1.97913214701827,15.9144144058228,21.7967910766602,5.8823766708374,18.6083871841431,17.5438785552979,2.96638145283398,15.9144144058228,25.9925079345703,10.0780935287476,18.4297240121024,17.5899314880371,2.90970997574386,14.2047462463379,25.9925079345703,11.7877616882324,1.3536347655545813,313.1,391.4,5,16510.0,1,0.2063492063492064,0.07007281518899161
213,18.8728485107422,18.3272972106934,1.90199347978043,17.0400085449219,21.7967910766602,4.75678253173828,17.9894623756409,17.1878805160522,2.02065678805897,15.9234828948975,21.7967910766602,5.8733081817627,18.5169248580933,17.1878805160522,3.43450924317546,14.2047462463379,25.9925079345703,11.7877616882324,17.8851383754185,16.9263801574707,3.13550129954527,13.9614496231079,25.9925079345703,12.0310583114624,1.3536347655545813,191.9,239.9,3,16510.0,1,0.40454925194832453,0.126076586221939
214,16.9748373031616,17.1878805160522,1.82361380466458,14.2047462463379,19.3188419342041,5.11409568786621,17.6228510141373,17.1878805160522,2.55719149889201,14.2047462463379,21.7967910766602,7.59204483032227,17.5269750952721,16.6957244873047,2.75414832315349,14.2047462463379,23.9843082427979,9.77956199645996,17.7312376078437,16.4473533630371,3.23153440236446,13.9614496231079,25.9925079345703,12.0310583114624,1.3536347655545813,119.3,149.1,2,16510.0,1,0.3028024606971976,0.11963634775631979
215,13.1432919502258,13.1428780555725,0.0975862067983992,13.0173587799072,13.2700529098511,0.252694129943848,13.2023856639862,13.234224319458,0.118800953572347,13.0173587799072,13.3502054214478,0.332846641540527,13.302968343099,13.2700529098511,0.28651393471568,12.9907875061035,14.090371131897,1.09958362579346,13.2419837406703,13.2220077514648,0.522047491615591,12.238808631897,14.6136980056763,2.3748893737793,-2.5452656751804144,1873.4,2341.8,30,24180.0,4,0.16518670979123792,0.11524825556098758
219,20.3888916969299,20.4940881729126,1.784719271529,18.2122573852539,22.3551330566406,4.14287567138672,21.0097601413727,20.9385919570923,2.36756760002026,18.2122573852539,25.7207584381104,7.50850105285645,19.6978876590729,18.5881290435791,2.26513061130508,17.284610748291,25.7207584381104,8.43614768981934,19.8293575831822,18.5608882904053,3.55421356207982,13.2324771881104,27.6835651397705,14.4510879516602,-3.709637895313868,209.7,262.1,4,18620.0,1,0.5343110449243637,0.17257174203282158
220,21.9563617706299,21.7967910766602,1.59466378367671,20.0879859924316,23.9843082427979,3.89632225036621,20.6794893741608,20.3281364440918,3.01090818535123,16.3514404296875,25.9925079345703,9.64106750488281,20.2966856002808,20.0879859924316,3.33957720478114,14.6569852828979,25.9925079345703,11.3355226516724,19.2926973887852,17.5899314880371,3.97095534700485,14.2047462463379,31.6309013366699,17.426155090332,-0.1354576263113687,224.5,280.6,4,16510.0,1,0.14811408739507811,0.14600072927696747
222,14.6089694499969,14.6458106040955,0.182286218939202,14.3205261230469,14.82373046875,0.503204345703125,14.5325267314911,14.48974609375,0.15493756909499,14.3205261230469,14.82373046875,0.503204345703125,15.1768648147583,14.5523881912231,1.21592575732197,14.1577806472778,17.4673042297363,3.3095235824585,15.5949362814426,14.5915517807007,1.80801562020367,13.2324771881104,19.9487113952637,6.71623420715332,-3.709637895313868,306.1,382.6,5,18620.0,1,0.10716386974873969,0.08140626945141895
223,22.5408325195312,22.7543182373047,2.97287913012482,18.6621856689453,25.9925079345703,7.330322265625,21.46173620224,20.4023952484131,2.87237477854481,17.5438785552979,25.9925079345703,8.44862937927246,21.0933599472046,20.4023952484131,3.25329947381991,16.3514404296875,27.1259689331055,10.774528503418,20.6163706218495,19.9475526809692,3.48630363773222,15.9144144058228,31.6309013366699,15.7164869308472,-0.1354576263113687,362.7,453.4,6,16510.0,2,0.4256410217790602,0.16843645656275347
224,16.8002769470215,16.9263801574707,0.480668724533941,16.2420921325684,17.4566783905029,1.21458625793457,16.5636411243015,16.6418972015381,0.809790915246669,14.6569852828979,17.4566783905029,2.79969310760498,17.0978371500969,16.7980375289917,1.76573954307473,14.6569852828979,21.6879062652588,7.03092098236084,17.1574528410628,16.3308048248291,2.74323018872146,14.2047462463379,24.6315727233887,10.4268264770508,-0.1095236325340667,134.7,168.4,3,16510.0,1,0.3857965701633454,0.152739311459945
225,12.6784160137177,12.6755809783936,0.312017343208749,12.3406496047974,13.0218524932861,0.68120288848877,12.8541088104248,12.9734377861023,0.314847599390978,12.3406496047974,13.3327198028564,0.992070198059082,12.9062863032023,12.9560880661011,0.310731068709284,12.3406496047974,13.3893251419067,1.04867553710938,13.1175853312016,13.0791239738464,0.497158596690894,12.3406496047974,14.6914482116699,2.35079860687256,0.5674945955031078,1678.2,2097.8,27,24180.0,4,0.4970379146919431,0.16672582745669398
226,19.9010419845581,19.8530225753784,0.246754132032169,19.6314811706543,20.2666416168213,0.635160446166992,19.7534124851227,19.7386264801025,0.29957157137342,19.1783504486084,20.2666416168213,1.08829116821289,19.6888747215271,19.7386264801025,0.606390074798969,18.1928234100342,20.7168045043945,2.52398109436035,20.7793399265834,19.9143867492676,3.04149384630502,16.5432662963867,32.7761878967285,16.2329216003418,-0.1354576263113687,566.6,708.2,9,6188.0,2,0.2869965850211964,0.12375678936901019
230,17.1448798179626,17.0631866455078,0.504989643622775,16.6418972015381,17.8112487792969,1.16935157775879,17.0735280513763,17.1550016403198,0.495037241024173,16.2570037841797,17.8112487792969,1.55424499511719,17.2738540013631,16.9263801574707,1.67403870210997,15.1579284667969,21.6879062652588,6.52997779846191,17.8376433709089,16.6557960510254,3.5033237479572,14.6569852828979,31.6309013366699,16.973916053772,-0.1095236325340667,244.0,305.0,4,16510.0,1,0.40320855614973267,0.18887153994119027
232,13.3592990239461,13.3893251419067,0.224236275074062,13.0708875656128,13.6176843643188,0.546796798706055,13.059939622879,13.0134878158569,0.379953451466939,12.490930557251,13.6176843643188,1.12675380706787,13.6545986533165,13.0547876358032,1.80854703252256,12.3406496047974,19.6523532867432,7.3117036819458,15.3189876219806,13.2264981269836,5.29863937924624,12.3406496047974,39.033073425293,26.6924238204956,0.5674945955031078,1499.7,1874.6,24,24180.0,4,0.08669354838709671,0.1369574583394719
233,12.6876976490021,12.6998143196106,0.201351032354484,12.395073890686,12.9560880661011,0.561014175415039,12.8921421766281,12.8509001731873,0.422578576786262,12.3406496047974,13.6176843643188,1.27703475952148,13.04713003976,12.9889702796936,0.502037657047995,12.3406496047974,14.2682428359985,1.92759323120117,13.6398411638596,13.2938194274902,1.33084762382327,12.3406496047974,19.6523532867432,7.3117036819458,0.5674945955031078,1577.9,1972.4,25,24180.0,4,0.14498310878248252,0.17338524289627924
235,12.9933502674103,12.8509001731873,0.376736475237127,12.6539163589478,13.6176843643188,0.963768005371094,13.1727954016791,13.0386877059937,0.544379360519033,12.395073890686,14.2682428359985,1.8731689453125,13.1182062625885,12.9889702796936,0.643466296308951,12.3406496047974,14.7405490875244,2.39989948272705,14.0439440237509,13.3373374938965,2.03558724004702,12.3406496047974,23.0764064788818,10.7357568740845,0.5674945955031078,1546.5,1933.2,25,24180.0,4,0.2256288431624294,0.19571317677617145
236,14.6482915878296,13.6176843643188,2.58078156540673,12.490930557251,19.6523532867432,7.16142272949219,15.4981408649021,13.6176843643188,3.39020946553135,12.490930557251,23.0764064788818,10.5854759216309,19.7671131491661,15.347626209259,9.61721621724486,12.490930557251,45.946346282959,33.455415725708,19.9046194231188,14.1566829681396,12.516419187764,12.3406496047974,67.1346130371094,54.793963432312,0.5674945955031078,1396.3,1745.4,22,24180.0,4,0.4775465498357065,0.14059164963166643
237,29.8476853370667,29.5509471893311,4.05301723070395,24.5105838775635,35.778263092041,11.2676792144775,29.9904007381863,28.5826282501221,4.69036847439005,24.5105838775635,37.1452178955078,12.6346340179443,33.2765746397131,28.5826282501221,10.8149169132615,23.2637367248535,64.3579177856445,41.094181060791,37.9804863800874,30.51926612854,19.3195184508511,21.634464263916,99.8258590698242,78.1913948059082,-0.6536636553879756,1020.8,1275.9,16,24180.0,4,0.376619170984456,0.142681121491219
240,14.3755080699921,14.4235954284668,0.261349995490614,13.9770336151123,14.6778078079224,0.700774192810059,15.0315430959066,14.5843830108643,1.22111569279736,13.9770336151123,18.2090454101562,4.23201179504395,15.059965474265,14.5519781112671,1.31214560882224,13.9770336151123,18.2090454101562,4.23201179504395,15.5821515764509,14.5916938781738,1.86643183924664,13.6759366989136,20.3727226257324,6.69678592681885,-0.1095236325340667,362.6,453.2,6,18620.0,2,0.5324332047435348,0.2883829022072957
241,14.0206232070923,14.0268535614014,0.484364745009384,13.3373374938965,14.6914482116699,1.35411071777344,13.8578950034248,14.1304721832275,1.30185363013265,10.7634811401367,15.7043943405151,4.94091320037842,13.3981275558472,13.6302862167358,1.5469517274269,9.25343322753906,15.7043943405151,6.45096111297607,12.7966340039227,13.2453584671021,2.16068359760934,8.07802295684814,16.9199199676514,8.84189701080322,1.2779167756346246,1692.6,2115.7,27,24180.0,4,0.33597897634198887,0.1923861499812629
242,32.5212264060974,32.3650140762329,1.4381748271769,30.9305572509766,34.4243202209473,3.4937629699707,31.4584746360779,31.9450616836548,3.51477892782182,25.7468967437744,36.7537498474121,11.0068531036377,32.6742319742839,32.5430946350098,4.59876436270045,25.7468967437744,39.7550773620605,14.0081806182861,32.2110813260078,31.3062515258789,5.47424712136348,23.0803470611572,46.1773300170898,23.0969829559326,1.0142685912900766,681.4,851.7,11,18620.0,3,0.4314420202143106,0.18594294729015573
243,21.9478187561035,21.8842506408691,1.15434681140793,20.4110221862793,23.6117515563965,3.20072937011719,21.9292157888412,21.8842506408691,2.95170927401495,15.6320810317993,26.3336334228516,10.7015523910522,21.5693305560521,21.797492980957,3.79258157207783,15.6320810317993,27.9389953613281,12.3069143295288,22.1196394247167,22.1069831848145,4.6160764862687,15.27170753479,31.6309013366699,16.3591938018799,-0.1354576263113687,461.1,576.4,8,16510.0,2,0.24038461538461528,0.1659777999949229
245,14.4379622936249,14.4559168815613,0.264528411220238,14.1304721832275,14.7095432281494,0.579071044921875,14.1926734712389,14.2682428359985,0.602871935931,12.6679239273071,14.7556066513062,2.08768272399902,13.9565649032593,14.2203855514526,1.22290425168865,10.7634811401367,16.0438175201416,5.28033638000488,13.0161670139858,13.4904279708862,1.98636409845205,8.07802295684814,16.0438175201416,7.96579456329346,1.2779167756346246,1586.1,1982.6,25,24180.0,4,0.5777915576644774,0.2105249463324373
247,14.3772509098053,14.3058857917786,0.228861284895368,14.1566829681396,14.7405490875244,0.583866119384766,14.476072883606,14.2882122993469,0.779962523703946,13.7139196395874,16.6069431304932,2.89302349090576,14.1887284687587,14.1829519271851,0.852173497098938,12.9971790313721,16.6069431304932,3.60976409912109,14.9514951407909,14.3117089271545,2.3945410109292,12.490930557251,23.0764064788818,10.5854759216309,1.2779167756346246,1358.1,1697.6,22,24180.0,4,0.3995714130789192,0.19071119474510098
249,27.0572733879089,26.6992712020874,1.77261836321314,25.2960529327393,29.5344982147217,4.23844528198242,25.3564692603217,25.2960529327393,2.30781357705553,21.1998348236084,29.5344982147217,8.33466339111328,25.1696088155111,24.9730548858643,2.34972379614474,20.8816318511963,29.5344982147217,8.65286636352539,24.8654869794846,25.1345539093018,2.68233374154412,20.749137878418,29.5344982147217,8.78536033630371,-0.1354576263113687,650.4,813.0,11,16510.0,3,0.44160390680160044,0.1890693989245397
253,23.8321804046631,23.2519931793213,2.62822890038086,20.1225738525391,28.2482986450195,8.12572479248047,23.5448794894748,23.2519931793213,3.14102789022175,19.0431652069092,28.2482986450195,9.20513343811035,23.6196061647855,23.0870876312256,4.11133430384825,18.7329807281494,33.3938751220703,14.6608943939209,22.4679111016763,20.3727226257324,5.39468373891112,14.4031677246094,33.8893127441406,19.4861450195312,0.5574331802057676,443.1,553.9,7,18620.0,2,0.376430385728453,0.15735029282737317
255,14.0976259708405,14.1370167732239,0.250421718711013,13.7139196395874,14.4025506973267,0.688631057739258,14.3250866995917,14.2438383102417,0.415159176617889,13.7139196395874,15.3598384857178,1.64591884613037,14.4802638292313,14.361189365387,0.731507741948778,12.9971790313721,16.0438175201416,3.04663848876953,14.06242331943,14.2438383102417,2.16050577402997,8.20251560211182,18.2619667053223,10.0594511032104,1.2779167756346246,1316.7,1645.9,21,24180.0,4,0.3659390203762212,0.16828197229598907
256,28.9832019805908,27.7420845031738,2.58680121486896,27.0547637939453,33.3938751220703,6.339111328125,26.6987802717421,27.0547637939453,4.0472899064201,18.9288730621338,33.3938751220703,14.4650020599365,25.4941539764404,26.2178373336792,4.36782167156673,18.7329807281494,33.3938751220703,14.6608943939209,24.7501563753401,23.2519931793213,6.7727115184424,15.0289850234985,42.376033782959,27.3470487594604,0.5574331802057676,557.5,696.9,9,18620.0,2,0.4886520961344015,0.19521973104300172
259,29.0111002922058,28.3950529098511,2.85402948471419,25.8604202270508,33.3938751220703,7.53345489501953,27.7779047012329,27.8410472869873,4.28737863504431,19.2295036315918,33.8893127441406,14.6598091125488,28.5479934692383,28.4462242126465,5.44529534840369,18.9288730621338,40.6885375976562,21.7596645355225,29.4311317503452,27.1453170776367,10.4202837022922,15.0289850234985,58.2726058959961,43.2436208724976,0.5574331802057676,684.8,856.0,11,18620.0,3,0.43268945111466545,0.15052911197973529
260,31.4072766304016,30.9994688034058,1.22047291798138,30.3139839172363,33.3161849975586,3.00220108032227,30.3137378692627,30.8096084594727,2.60285252879418,25.3034343719482,33.3161849975586,8.01275062561035,30.2642935344151,30.5910139083862,3.49216746643768,25.3034343719482,36.1493225097656,10.8458881378174,29.6877280644008,29.8511962890625,5.26960733871594,21.2850322723389,46.1773300170898,24.892297744751,0.1983534567428009,438.6,548.3,7,24180.0,2,0.39439763521468246,0.18706749670934503
264,23.7213726043701,24.0350332260132,1.76183172453526,21.3094997406006,25.5059242248535,4.19642448425293,25.3213352627224,25.3034343719482,3.41678462486461,21.3094997406006,30.8096084594727,9.50010871887207,26.157306943621,26.5757284164429,3.79815936850818,19.9418239593506,31.3372173309326,11.395393371582,26.6960805444156,27.2720746994019,4.85367777772329,19.2809543609619,35.5964088439941,16.3154544830322,0.1983534567428009,299.2,374.0,5,24180.0,1,0.14921769812897545,0.483221503603035
265,24.0557155609131,21.6986169815063,6.50156484265189,17.8991298675537,34.9264984130859,17.0273685455322,22.626192688942,20.2131509780884,7.26122087079722,14.7699460983276,34.9264984130859,20.1565523147583,23.3864125013351,20.1353168487549,8.53509847924144,14.1310720443726,38.698429107666,24.5673570632935,22.4987491062709,18.4302310943604,9.51409307689335,11.339056968689,44.2075119018555,32.8684549331665,1.2779167756346246,983.6,1229.4,16,24180.0,4,0.5652684569541556,0.17857896393722741
266,47.9977512359619,48.3649158477783,1.59620200341674,45.5581169128418,49.7030563354492,4.14493942260742,47.7020157708062,47.8133544921875,3.93627517378459,40.6885375976562,55.0527725219727,14.3642349243164,45.9273593425751,45.0412292480469,5.2402373553537,35.4821166992188,55.9359893798828,20.4538726806641,42.2027784796322,42.8868160247803,8.61588087737058,28.4462242126465,59.2623977661133,30.8161735534668,0.5574331802057676,795.0,993.7,13,24180.0,3,0.5072785268957518,0.20620422019534354
267,32.5902953147888,32.6115074157715,2.04057572612422,30.1162433624268,35.0219230651855,4.90567970275879,30.7014756202698,30.6038465499878,3.09299620841058,24.7791652679443,35.0219230651855,10.2427577972412,31.0353434426444,30.6038465499878,4.00308071411332,24.1249446868896,37.6662635803223,13.5413188934326,30.2318900052239,29.9837198257446,6.25878133314183,21.2850322723389,44.524341583252,23.2393093109131,-1.01088845905702,398.6,498.2,7,24180.0,2,0.19919016730609507,0.0878279659753938
268,28.1182371775309,28.4840965270996,2.58993225188776,24.7791652679443,31.0914497375488,6.31228446960449,27.204740524292,28.44873046875,3.19505914676009,21.2850322723389,31.0914497375488,9.80641746520996,28.8376883188883,29.3436279296875,4.15230873163819,21.2850322723389,35.0219230651855,13.7368907928467,28.0467065538679,27.6455326080322,4.90242192966707,20.9009494781494,37.9298515319824,17.028902053833,-1.01088845905702,310.8,388.5,5,24180.0,1,0.1441441441441442,0.04753057982851047
269,20.7907648086548,20.7907648086548,0.765875816345215,20.0248889923096,21.556640625,1.53175163269043,19.3899822235107,19.3738327026367,1.17818613678018,17.3590850830078,21.556640625,4.19755554199219,18.7662609815598,18.9274702072144,1.44033333000736,16.1359729766846,21.556640625,5.42066764831543,18.8563754979302,18.8430862426758,2.11598390130099,15.5652236938477,24.2845325469971,8.71930885314941,-0.1095236325340667,309.4,386.7,5,7859.0,1,0.4772864338081729,0.20154795635656336
271,21.1951146125793,21.1237983703613,0.836819153650014,20.1085453033447,22.42431640625,2.31577110290527,22.1228866577148,21.4918909072876,2.24673269545497,20.1085453033447,27.6455326080322,7.5369873046875,22.2973970685686,21.541955947876,2.47125232604334,19.9418239593506,28.4133644104004,8.4715404510498,22.8469891548157,22.0467338562012,3.02342997553743,18.2745208740234,30.8096084594727,12.5350875854492,-1.01088845905702,81.5,101.9,2,24180.0,1,0.17123287671232876,0.07814799867572764
273,33.7136106491089,32.4703922271729,2.28716711370411,32.2473945617676,37.6662635803223,5.41886901855469,32.7260869344076,32.2970504760742,5.49590061438342,24.1765155792236,43.8438339233398,19.6673183441162,34.1651593376608,32.6437339782715,6.13127602690891,24.1765155792236,47.8133544921875,23.6368389129639,33.7269553107184,32.2970504760742,7.58457149734083,23.0607585906982,50.3748741149902,27.314115524292,-1.01088845905702,539.3,674.1,9,24180.0,2,0.3293336679061068,0.1399303776856649
274,18.2417894999186,18.219331741333,0.423523858649831,17.7346744537354,18.7713623046875,1.03668785095215,18.3437190055847,18.2469263076782,1.15448788385167,16.7523937225342,20.538236618042,3.78584289550781,18.9786499023438,18.7713623046875,1.70840314870734,16.5133972167969,22.5879688262939,6.07457160949707,19.3468626246733,19.3377799987793,2.0886554313394,15.8718109130859,24.2160453796387,8.34423446655273,0.1983534567428009,261.7,327.2,5,24180.0,1,0.13513513513513517,0.10025860219519182
276,27.3061590194702,26.7600717544556,3.88777181894141,23.0607585906982,32.6437339782715,9.58297538757324,27.5214029947917,25.1064472198486,4.29934534633793,23.0607585906982,35.0219230651855,11.9611644744873,27.4681765692575,26.2437086105347,3.77649564862816,23.0607585906982,35.0219230651855,11.9611644744873,28.761544908796,28.4840965270996,5.19036521308623,20.9009494781494,43.8438339233398,22.9428844451904,-1.01088845905702,378.1,472.6,6,24180.0,2,0.3728813559322034,0.12395630506028106
277,17.2659125328064,16.8745718002319,2.18366892562787,14.8626861572266,20.4518203735352,5.58913421630859,16.5417366027832,15.6428880691528,1.94451625410143,14.474308013916,20.4518203735352,5.97751235961914,17.7673812230428,15.6825485229492,4.16331816524818,14.177191734314,31.1339340209961,16.9567422866821,19.582203401838,15.9409694671631,7.02043007659055,13.6874132156372,38.698429107666,25.0110158920288,0.1983534567428009,674.4,843.0,11,8674.0,3,0.34246515254488624,0.17053845739680348
279,25.0883808135986,24.5214939117432,2.66016800586947,22.1971626281738,29.1133728027344,6.91621017456055,24.2027339935303,23.1995086669922,2.70929088024303,20.9009494781494,29.1133728027344,8.21242332458496,25.7179653167725,23.2757911682129,4.62269142233594,20.9009494781494,36.3514022827148,15.4504528045654,26.4884516211117,24.477840423584,5.88506961330967,20.1085453033447,43.8997383117676,23.7911930084229,-1.01088845905702,202.0,252.5,4,24180.0,1,0.2146198819478971,0.06246707783756207
282,19.544960975647,19.9284954071045,1.11181262698851,17.6928157806396,20.6300373077393,2.93722152709961,20.6957755618625,20.4931125640869,1.88755583692091,17.6928157806396,24.2845325469971,6.59171676635742,20.5124768575033,20.4931125640869,2.04476283220469,17.3590850830078,24.2845325469971,6.92544746398926,21.8180145025253,20.5231838226318,4.22613750340148,17.3590850830078,36.3570747375488,18.997989654541,-0.1095236325340667,151.3,189.2,3,7859.0,1,0.3688253925466675,0.07984237320652358
283,16.6767280101776,16.2914371490479,0.987343284724606,15.782452583313,18.3415851593018,2.55913257598877,17.1846821043226,16.5133972167969,1.26639667350757,15.782452583313,19.2205200195312,3.43806743621826,16.8736936705453,16.4646778106689,1.26764878916902,15.0568790435791,19.2205200195312,4.16364097595215,17.1888911724091,16.7615756988525,2.04085404086722,13.9911870956421,23.8739528656006,9.8827657699585,0.1983534567428009,497.8,622.3,8,24180.0,2,0.48546176244368744,0.19708925210814254
284,14.8653993606567,14.4152216911316,1.23687680647893,13.6874132156372,16.9437408447266,3.25632762908936,15.6540139913559,15.2527871131897,1.68761514389351,13.6874132156372,19.3239707946777,5.63655757904053,15.6492028917585,15.5230488777161,2.26933419640263,11.834997177124,20.4518203735352,8.61682319641113,15.9243090573479,14.9597826004028,4.96059999153931,10.4474153518677,35.0801734924316,24.632758140564,1.2779167756346246,704.9,881.2,12,8674.0,3,0.3358599228391526,0.14572923614951572
286,18.0734148025513,18.1603727340698,0.886248599786913,16.7523937225342,19.2205200195312,2.46812629699707,18.0036655664444,18.1603727340698,1.4817693054788,15.782452583313,20.3682670593262,4.58581447601318,17.6641367077827,17.2692451477051,1.42318325675715,15.782452583313,20.3682670593262,4.58581447601318,17.8371860560249,17.5609254837036,2.26923618527146,14.2113018035889,24.2160453796387,10.0047435760498,0.1983534567428009,429.8,537.3,7,24180.0,2,0.31065405030011406,0.1204546047802177
287,15.3376405239105,15.419665813446,0.786021971180694,14.2113018035889,16.2999286651611,2.08862686157227,15.3194926977158,15.4306359291077,0.756285354644151,14.177191734314,16.2999286651611,2.12273693084717,16.0440901438395,15.6825485229492,1.55397429930291,13.9911870956421,19.1689872741699,5.17780017852783,16.5009406770979,15.8718109130859,2.10378069278951,13.9911870956421,23.8739528656006,9.8827657699585,0.1983534567428009,517.8,647.2,9,8674.0,2,0.3014802438638272,0.18141379300946162
288,15.3376405239105,15.419665813446,0.786021971180694,14.2113018035889,16.2999286651611,2.08862686157227,16.0654942989349,15.7270426750183,1.72701122463604,13.9911870956421,19.1689872741699,5.17780017852783,15.8741530736287,15.6716327667236,1.46804808067897,13.9911870956421,19.1689872741699,5.17780017852783,15.9970775662046,15.6825485229492,1.51197784454159,13.9911870956421,19.2205200195312,5.22933292388916,0.1983534567428009,461.7,577.1,8,8674.0,2,0.2672343199996896,0.2021311768190563
290,14.6899598439535,14.4894781112671,0.520208098418963,14.177191734314,15.4032096862793,1.22601795196533,15.0249656438828,15.0264239311218,0.587933048912309,14.177191734314,15.9409694671631,1.76377773284912,14.9415843963623,14.7886714935303,0.768279062351024,13.9911870956421,16.9437408447266,2.95255374908447,15.1751951890833,14.6860880851746,1.40567122356138,12.6355638504028,20.4518203735352,7.81625652313232,1.2779167756346246,511.4,639.3,8,8674.0,2,0.5756396848294435,0.21124854863447332
291,15.1555821895599,15.0959405899048,0.560462009178971,14.4894781112671,15.9409694671631,1.451491355896,15.2009324232737,14.6663656234741,1.08238878139584,14.1367254257202,17.5684490203857,3.43172359466553,15.0908388137817,14.544059753418,1.01164220705433,14.1367254257202,17.5684490203857,3.43172359466553,14.38254737854,14.4992456436157,1.42618151839893,10.4474153518677,17.5684490203857,7.12103366851807,1.2779167756346246,532.7,665.9,9,8674.0,2,0.27718831995173226,0.17715304701730322
292,20.0887036323547,19.9251680374146,1.06523535369599,18.7710990905762,21.7333793640137,2.9622802734375,20.265195608139,19.9251680374146,1.59914491122936,17.8891410827637,23.3237819671631,5.43464088439941,20.4307158333915,20.1612825393677,2.54911391917762,16.3744220733643,25.3762702941895,9.0018482208252,21.031821643605,20.3083524703979,3.91304259042077,14.2327556610107,32.43896484375,18.2062091827393,-1.01088845905702,407.8,509.8,7,8674.0,2,0.4196385513575091,0.1920150259636366
293,14.4504620234172,14.4931402206421,0.123331318302464,14.2826652526855,14.5755805969238,0.292915344238281,14.4363043308258,14.4992456436157,0.190844769037685,13.9911870956421,14.5835046768188,0.592317581176758,14.5666047334671,14.5247054100037,0.425326392331688,13.9911870956421,15.6716327667236,1.68044567108154,14.8228448699502,14.5954422950745,0.794010629569711,12.8793039321899,17.4738636016846,4.59455966949463,1.2779167756346246,357.7,447.1,6,8674.0,2,0.45245633835206844,0.15431524008286618
294,14.9920202891032,15.1581239700317,0.662508694862613,14.1104173660278,15.70751953125,1.59710216522217,15.1121741533279,14.9134402275085,0.825669287900597,14.1104173660278,16.6446094512939,2.53419208526611,15.3391822179159,15.1581239700317,1.00578166449416,13.9911870956421,17.4738636016846,3.48267650604248,15.7993388039725,15.1581239700317,1.51959197865793,13.9911870956421,19.1735706329346,5.18238353729248,-0.4062675011571095,188.1,235.1,3,8674.0,1,0.18695561747219216,0.060124740735413226
295,21.9313282966614,21.5533075332642,1.94878489744728,19.6469326019287,24.9717655181885,5.32483291625977,22.7620661258698,22.460693359375,2.29699614794264,19.6469326019287,27.2938537597656,7.64692115783691,23.6025446653366,22.1432037353516,4.76022903360892,17.8891410827637,35.5145454406738,17.6254043579102,24.7087536948068,22.0236949920654,7.60358380646888,16.2701721191406,47.7933731079102,31.5232009887695,-1.01088845905702,410.2,512.8,7,8674.0,2,0.14885284723843065,0.12131428310644804
296,21.3056721687317,20.5352468490601,1.67457102947419,20.0012722015381,24.1509227752686,4.14965057373047,22.1611089706421,21.764965057373,1.98277389949462,20.0012722015381,25.7586650848389,5.75739288330078,23.8479021708171,22.6535587310791,3.62433537760948,20.0012722015381,32.6524658203125,12.6511936187744,25.2617505969423,22.932767868042,5.62202829654499,18.7493495941162,40.4369583129883,21.6876087188721,0.5574331802057676,656.3,820.3,11,7859.0,3,0.04017216642754662,0.14253332670991933
297,21.9313282966614,21.5533075332642,1.94878489744728,19.6469326019287,24.9717655181885,5.32483291625977,21.1710538864136,21.1952753067017,2.14184201021942,17.8891410827637,24.9717655181885,7.0826244354248,21.6650332132975,21.0829200744629,2.6513963057544,17.8891410827637,27.2938537597656,9.40471267700195,22.8412648981268,21.7333793640137,4.89694636089436,16.2701721191406,35.5145454406738,19.2443733215332,-1.01088845905702,357.5,446.9,6,8674.0,2,-0.0,0.17156245226723552
298,21.9313282966614,21.5533075332642,1.94878489744728,19.6469326019287,24.9717655181885,5.32483291625977,22.8121581077576,22.460693359375,2.26006577817181,19.6469326019287,27.2938537597656,7.64692115783691,22.9509123484294,22.0236949920654,4.16850544674799,17.8891410827637,35.5145454406738,17.6254043579102,24.9070570264544,22.2627124786377,7.44737508623638,16.2701721191406,47.7933731079102,31.5232009887695,-1.01088845905702,403.2,504.0,7,8674.0,2,0.1957220306412043,0.12349342692316306
299,14.7367355823517,14.7483458518982,0.212661085061792,14.4757165908813,14.974534034729,0.498817443847656,14.245943069458,14.6073799133301,1.19111328731174,11.5422134399414,15.1564712524414,3.6142578125,14.3326545079549,14.6073799133301,1.05705416826396,11.5422134399414,15.1564712524414,3.6142578125,14.0743254423141,14.58229637146,1.51806586511054,10.4213809967041,16.2177314758301,5.79635047912598,-0.561994205660865,353.6,442.0,6,8674.0,2,0.501298803217579,0.2179174361473203
300,14.6500341892242,14.7509932518005,0.258363546287258,14.2133769989014,14.8847732543945,0.671396255493164,15.0177907943726,14.8975820541382,0.5009339157406,14.2133769989014,15.9131689071655,1.69979190826416,15.7358410517375,14.9037113189697,1.59892161096226,14.2133769989014,20.642240524292,6.42886352539062,17.2086067472185,15.1581239700317,3.90820720559825,14.1104173660278,27.7509918212891,13.6405744552612,-0.561994205660865,102.7,128.3,2,8674.0,1,0.5061358874588447,0.18855382396794854
301,23.6076917648315,23.5179214477539,1.46901959457787,22.0931453704834,25.301778793335,3.20863342285156,23.1907234191895,22.2041149139404,2.51053942461416,18.920747756958,27.3488502502441,8.42810249328613,24.5308250188828,25.0667533874512,2.63023996044846,18.920747756958,28.2433052062988,9.32255744934082,24.1042173113142,24.8317279815674,4.29755855449095,14.7303838729858,32.4853706359863,17.7549867630005,-1.01088845905702,315.7,394.6,5,8674.0,1,0.19556171983356446,0.089793539309691
302,25.8274523417155,25.301778793335,1.0927719000985,24.8317279815674,27.3488502502441,2.51712226867676,26.0546063317193,26.8070507049561,1.98515403320257,22.2041149139404,29.0428676605225,6.83875274658203,24.1416121721268,25.0667533874512,3.39994294526877,16.9359817504883,29.0428676605225,12.1068859100342,24.4248676300049,25.3996486663818,4.57666399141288,14.7303838729858,32.4853706359863,17.7549867630005,-0.561994205660865,303.7,379.7,5,8674.0,1,0.15545654517442276,0.15384035393594075
304,16.2909786701202,16.3439049720764,0.68336932429425,15.4809913635254,16.9951133728027,1.51412200927734,16.8100892172919,16.9399280548096,0.861476865942933,15.4809913635254,18.5829677581787,3.10197639465332,16.6060576756795,16.8718433380127,1.1391640579932,15.2354125976562,18.5829677581787,3.34755516052246,17.2594136893749,16.9058856964111,3.06600228551757,11.0540351867676,27.0833377838135,16.0293025970459,-0.561994205660865,337.7,422.1,6,7619.0,2,0.42976369270546183,0.2258507833529795
307,33.6569528579712,33.9807033538818,5.4835748914434,25.5936317443848,41.0727729797363,15.4791412353516,34.6697742938995,34.4069004058838,4.52319747796104,25.5936317443848,41.0727729797363,15.4791412353516,37.3018013238907,34.4227561950684,8.84732070771667,23.4570999145508,56.7768821716309,33.3197822570801,41.7602021898542,34.1815452575684,18.180137782756,23.1092987060547,102.935417175293,79.8261184692383,-1.01088845905702,786.8,983.5,13,8674.0,3,0.4436442230659922,0.2126129669135264
308,19.7692880630493,20.0489740371704,0.721254092620606,18.5745658874512,20.4046382904053,1.8300724029541,18.799259185791,18.5745658874512,1.20984118634414,16.9399280548096,20.4046382904053,3.4647102355957,18.1831654310226,18.4163751602173,1.97891604781747,14.9643259048462,20.4046382904053,5.44031238555908,16.7565563706791,16.9675207138062,2.92085202128869,10.335991859436,20.5321617126465,10.1961698532104,-0.561994205660865,271.3,339.1,5,7619.0,1,0.456766619070284,0.2055089173024199
309,19.6638960838318,19.9992055892944,0.836143941747728,18.2581844329834,20.3989887237549,2.14080429077148,19.8706078529358,20.0716533660889,0.666074632878893,18.2581844329834,20.5321617126465,2.27397727966309,19.2913653055827,19.8329296112061,1.29029505279176,15.8180046081543,20.5321617126465,4.71415710449219,17.7612131623661,17.894211769104,2.30716648265575,11.9011125564575,20.7504291534424,8.84931659698486,-0.561994205660865,188.2,235.2,3,7619.0,1,0.36576562307162963,0.16381752747023953
310,19.9659385681152,20.0716533660889,0.244069332483405,19.5549659729004,20.1654815673828,0.610515594482422,18.9547289212545,19.9222660064697,2.10253437665991,14.15025806427,20.5484447479248,6.39818668365479,18.3259788751602,19.7333698272705,2.66734028619863,11.9011125564575,20.5484447479248,8.64733219146729,17.2174143493176,18.0843114852905,3.39626129427838,10.7318267822266,20.7504291534424,10.0186023712158,-0.2842596742018238,265.9,332.4,5,7619.0,1,0.14226006635092192,0.16677986973855286
311,16.5009598731995,16.0803165435791,0.819707479063017,15.9282341003418,17.9149723052979,1.98673820495605,17.5557912190755,16.3659934997559,2.9614450118969,15.9282341003418,25.7580299377441,9.82979583740234,17.7576870918274,16.6762323379517,2.95998968843316,15.9282341003418,25.7580299377441,9.82979583740234,19.867900630406,16.8392848968506,6.18425221396328,15.9282341003418,39.0674819946289,23.1392478942871,-0.561994205660865,486.7,608.4,8,7619.0,2,0.36363636363636365,0.13154814407999327
312,16.2685952186584,16.1534309387207,0.342278822707324,15.9282341003418,16.8392848968506,0.911050796508789,16.5453459421794,16.3659934997559,0.582380242495494,15.9282341003418,17.9149723052979,1.98673820495605,16.6201333999634,16.5801811218262,0.521132179844193,15.9282341003418,17.9149723052979,1.98673820495605,18.4364330291748,16.8392848968506,4.25166403334014,15.9282341003418,37.7959060668945,21.8676719665527,-0.561994205660865,429.5,536.9,7,7619.0,2,0.2832103321033211,0.21866626251879603
313,16.2347462972005,16.1366806030273,0.223192821880098,16.0239524841309,16.5436058044434,0.5196533203125,16.3329435984294,16.1701812744141,0.370922731237138,15.9282341003418,17.1604709625244,1.23223686218262,17.235603094101,16.4832754135132,2.3159588469574,15.9282341003418,25.7580299377441,9.82979583740234,18.2599044905769,16.7099981307983,4.23647733563472,15.7713499069214,37.7959060668945,22.0245561599731,-0.561994205660865,542.7,678.4,9,7619.0,2,0.30150026112139766,0.10031651918642634
314,19.359037399292,20.1317043304443,1.39778867106495,17.3969631195068,20.5484447479248,3.15148162841797,19.5616207122803,20.2983446121216,1.37614055717712,17.1133117675781,20.7504291534424,3.63711738586426,18.2373777627945,20.0716533660889,3.10915360793754,11.301628112793,20.7504291534424,9.44880104064941,17.288417325701,18.0672435760498,3.40576070126123,10.7318267822266,20.7504291534424,10.0186023712158,-0.2842596742018238,300.1,375.1,5,7619.0,1,0.16145181476846063,0.11675746472677888
315,16.9902868270874,16.968731880188,0.468899338855009,16.3917579650879,17.6319255828857,1.24016761779785,16.9804638756646,17.0515060424805,0.409063528944792,16.3917579650879,17.6319255828857,1.24016761779785,16.7466793060303,16.7148571014404,0.426551663713115,16.1656188964844,17.6319255828857,1.46630668640137,16.717603465489,16.4881591796875,0.675885105029055,15.9282341003418,18.9537353515625,3.0255012512207,-0.561994205660865,308.7,385.9,5,7619.0,1,0.3800327016937779,0.21738493035527318
