complex_id,aptNm,umdNm,jibun,lat,lon,n_trades,mean_price_per_m2,excluUseAr,floor,building_age,MDD,CV,neighbor_price_level,neighbor_dist_km,neighbor_momentum_3m
0,장안푸르미에,장안동,466-5,37.5613590070687,127.069901950155,74,944.6589252113336,13.070122972972973,6.135135135135135,12.0,0.36796857328371113,0.09063913884139467,758.736125417122,0.2661924177294347,2.621735152245419
3,글로벌팰리스,장안동,415-10,37.5622359857408,127.06192445701,48,1079.1624967761634,25.993749999999995,12.229166666666666,6.0,0.2253903777168181,0.07296380182762671,941.2312591524569,0.16098585177557276,32.97535291752809
5,에스아이팰리스장안센텀,장안동,416-1,37.5623318745324,127.063241316176,47,1440.3420775987768,19.622319148936167,11.446808510638299,5.0,0.21814297579942057,0.0799111030571809,867.2648788528255,0.17958380928734716,6.176276540825065
7,가우디캐슬,장안동,415-14,37.5625230974171,127.061821018063,18,863.9725908409916,27.23777777777778,9.38888888888889,9.0,0.19230769230769235,0.09503874582882875,984.2692403394913,0.14991280657294576,17.81206797631789
8,양지쉐르빌아파트(415-1),장안동,415-1,37.5625799833677,127.061412357173,14,757.4007254693686,55.51714285714285,7.357142857142857,9.0,0.10869565217391296,0.08731815244833674,1005.5836134138159,0.16872189535482454,3.548470579807095
17,은하수드림필,장안동,572,37.5630402322628,127.069041278972,11,719.3501308221258,82.70363636363638,6.454545454545454,19.0,0.23398328690807793,0.12740995515518,803.7978842949635,0.1557691400929447,2.0604114057674705
20,형인허브빌2차(566),장안동,566,37.5633117475362,127.068499825008,11,646.0067991803517,82.97363636363637,8.272727272727273,20.0,0.23582561368145355,0.12728148702282777,768.5626056111657,0.1684806950685878,2.621735152245419
22,장안평월드메르디앙2차,장안동,575,37.5633565631434,127.071180433514,24,893.5263193979484,84.81791666666668,6.5,18.0,0.1345985745024207,0.13600264783834914,735.4590508509721,0.16721578265864445,2.3186120398486665
25,장한평월드메르디앙,장안동,573,37.5635605140704,127.070638015754,25,832.6421014775141,83.8328,7.68,19.0,0.19908466819221984,0.1585191121169889,733.5145771973996,0.15075028279371838,-4.251818250537509
28,신일해피트리2차(567),장안동,567,37.5637319115479,127.063783188555,15,758.396573132806,81.762,6.333333333333333,20.0,0.11434126690069343,0.17643221164139214,987.1083414306325,0.19653560153662342,
37,서광아침의빛,장안동,577,37.5645197126731,127.072572382785,13,765.7457863388671,84.98,6.0,17.0,0.12933333333333324,0.14851978642791852,849.781830429121,0.19678226253933634,-2.788353536549759
38,흥해오크팰리스(576-0),장안동,576,37.5645919981446,127.068611694295,10,702.1552762076699,84.688,5.3,18.0,0.11824324324324333,0.14668991982358767,727.9157978733532,0.15692675973317033,15.209146461659785
41,신일해피트리3차(568),장안동,568,37.5649115276883,127.065045670718,17,877.3920080447976,77.46117647058824,7.470588235294118,20.0,0.20948486759200033,0.1388962655851836,788.3797519986769,0.20751004407701287,21.238096105529646
42,형인허브빌아파트301동,장안동,561,37.5649459435623,127.071141877313,10,713.5504364360014,89.87899999999999,8.6,20.0,0.11597580134246628,0.13230805695624578,786.698833020221,0.1479471803667461,9.626094364135373
44,우성3차(562),장안동,562,37.5650914448661,127.069493886305,13,695.1392001505706,84.2169230769231,6.6923076923076925,20.0,0.039215686274509755,0.15213717595753645,728.1590742075483,0.14378665176976294,-1.8936871965230528
46,일성트루엘,장안동,581,37.5652943577914,127.065377531925,33,867.7907019482544,78.1219,7.909090909090909,13.0,0.2294572328910366,0.15103439499446467,790.3000132179856,0.2195004375928179,18.75218235179128
48,신일해피트리아파트101동,장안동,564,37.5654164750873,127.062828861793,15,886.0443287203419,71.95666666666668,5.6,20.0,0.14454277286135683,0.10449116627741377,819.0127507902323,0.21574857659936048,24.240917152936415
49,신부파스카(563),장안동,563,37.5655179693251,127.069963449153,25,746.4407577362042,84.98999999999998,6.92,20.0,0.19354838709677413,0.18102332077468974,801.2473102739384,0.16164121915492785,-11.587569207460923
57,현대썬앤빌청계,답십리동,530-15,37.5661625518015,127.055151048753,105,871.3701627959064,15.902857142857142,9.161904761904761,9.0,0.23639786255657588,0.07631821066765385,1011.7781057422351,0.19434618169921003,-1.4702665041623542
58,두산위브,답십리동,998,37.5661858435952,127.057693983227,185,1267.9357153100705,73.8589189189189,9.875675675675677,18.0,0.4197313845123253,0.2214267447486892,1094.9513125115307,0.24650282209431454,-11.917218744265433
60,센시티16,답십리동,488-18,37.5662755970916,127.056358640081,55,747.0737686811334,14.466218181818185,11.581818181818182,12.0,0.21739130434782614,0.05209112720823535,1036.6373845651897,0.20305340879997094,8.177502045762864
61,장안위더스빌,장안동,580,37.5662781673123,127.062186441493,54,727.511879984312,96.83777777777777,10.75925925925926,14.0,0.3131723477892432,0.20558319952945137,1023.2328060859551,0.26175168496289675,-40.29507706450758
63,래미안장안,장안동,354-2,37.566445230313,127.072426877432,116,1062.7495370979361,79.54335344827585,10.301724137931034,22.0,0.43421615282335424,0.2051002677037336,744.3393004267598,0.22459953890274686,-11.77166947503686
66,한일노벨리아,답십리동,494-1,37.5669003328218,127.053285984052,37,914.1088322229332,20.90845945945946,14.81081081081081,9.0,0.2945921985815604,0.0763642633913857,921.7334654435792,0.24203584745507117,-3.3865770667576123
68,답십리한화,답십리동,994,37.5669329066906,127.053973867265,27,887.0383463831495,84.86000000000001,10.814814814814815,24.0,0.14475138121546957,0.18186076267099713,1008.6444690247866,0.21275060462676887,1.3756415252342835
77,답십리파크자이,답십리동,1014,37.5677324870223,127.059520848719,199,1726.540418583575,60.89492462311556,9.035175879396984,6.0,0.32428848293657386,0.12752141850379425,1020.0749265206081,0.2531783022489069,18.938756761972698
78,정은스카이빌201동,장안동,347-8,37.5678751887241,127.070662238255,11,638.1744189801135,81.73272727272727,8.545454545454545,19.0,0.15280837388285476,0.22320905414556902,717.8340871569711,0.1454706908910359,-4.034260876768991
84,가우디트윈캐슬1,장안동,374-9,37.5682947364262,127.06844620691,10,741.9207669071283,45.754,11.3,9.0,0.15662650602409636,0.1042741705499568,658.6819537458339,0.12773582035907619,1.228855550285668
86,현대홈타운2차,장안동,569,37.5685273372694,127.07154655304,33,857.7851026426129,85.25484848484848,6.424242424242424,20.0,0.2275902684700054,0.15638316204960462,706.3063704101587,0.11989200173753918,-4.35398134174455
88,한강훼미리주상복합아파트,장안동,381-3,37.568601417413,127.068165655118,33,606.7478602703511,80.6139393939394,9.424242424242424,16.0,0.12657317511686453,0.15188772990865781,685.7165350731893,0.11191294902907879,0.7673386307414543
90,답십리엘림퍼스트,답십리동,1015,37.5688626600289,127.056475933607,41,1242.7338661138892,52.77148048780487,7.073170731707317,5.0,0.21917808219178084,0.07466873784234236,1099.991682350767,0.3060888293027275,-10.21744887299434
91,시온,장안동,393-8,37.5688976780158,127.066563328894,15,872.1510752034644,64.17066666666666,5.266666666666667,1.0,0.029265351163486494,0.03977224038057299,654.4402830685992,0.20146250170628952,-11.98771799399012
92,태솔아파트2차,장안동,346-2,37.5689663103654,127.070785744701,11,669.2869357822832,59.27545454545455,7.7272727272727275,9.0,0.08330186259280907,0.13652177279420608,729.9950695784822,0.08228190930741362,9.55304269319126
93,청계푸르지오시티,답십리동,497-23,37.5689685801361,127.050596840747,157,860.4511832438178,21.84993630573249,12.535031847133759,10.0,0.45456151149409907,0.2002711239488078,895.1047377776407,0.1795010118890653,-4.496330965730477
95,현대썬앤빌601,장안동,373-3,37.5691800617318,127.06936015395,53,610.8211599412056,18.45301886792453,11.150943396226415,10.0,0.35714285714285715,0.08616756435422022,629.6736871922337,0.07674164774716478,-20.93148854530309
96,태솔아파트3차,장안동,346-1,37.5692589301709,127.070974942794,14,781.7926792808952,58.447142857142865,9.285714285714286,7.0,0.0643325284580889,0.12580032239243677,734.4176890566657,0.08280632070138508,9.92951011226626
97,서희스타힐스,장안동,365-4,37.5692905479454,127.070535892189,60,669.4845581378587,72.08633333333333,11.666666666666666,12.0,0.47871713534199567,0.17642528034076282,669.3145591129403,0.07522792953337411,-3.2919920298671745
98,두산,답십리동,990,37.5693117654531,127.060205006732,224,964.0597338232807,77.85754464285716,10.352678571428571,25.0,0.44931092913298376,0.19708669029279172,1132.4958215599486,0.23039725668560243,1.6319762017147577
99,동아,답십리동,10,37.569342253763,127.061708365604,196,898.1334373714878,81.65418367346939,10.270408163265307,24.0,0.42064321374666197,0.18342745343168532,1065.4489673225091,0.21653140289233147,-1.235713161780394
100,태솔아파트1차,장안동,382-5,37.5694311585475,127.068607303833,18,740.2560125660806,57.87277777777778,9.166666666666666,9.0,0.19632834958249049,0.12792796570869483,591.2393770937572,0.08133930663323136,-11.34746859737563
101,가야써니빌(373-7),장안동,373-7,37.5696018595628,127.069288779614,15,463.4336607480683,104.75,10.866666666666667,23.0,0.1426889877059899,0.1260849478212732,641.6409617451668,0.05504390439299011,-4.988947314869008
103,장안현대홈타운(336),장안동,336,37.569725659288,127.074606226438,491,1059.3247809218112,83.20344195519348,12.670061099796333,22.0,0.3843449210354172,0.21022672914258345,638.1293333619278,0.23350645449816287,39.11336401054124
104,양우내안애애플,장안동,373-1,37.5697552191874,127.069730495308,24,702.7385888509313,15.3388,4.083333333333333,11.0,0.5058823529411764,0.18580467603957604,579.6256852389498,0.061801738006241766,-15.447838549630887
106,청계벽산메가트리움,답십리동,999,37.5698611275083,127.049698222216,26,1001.8093958379517,68.59423076923078,10.73076923076923,19.0,0.36842919239696914,0.19295138655680613,920.1632681492562,0.10523569769931791,-2.963242989765358
108,제이드파크(382-2),장안동,382-2,37.5699273646072,127.069023072328,17,572.4556156582302,31.287647058823527,8.294117647058824,11.0,0.5533924992842829,0.25013296487088266,619.8365707631344,0.06922109244068217,-3.2652151293082854
109,삼희,답십리동,530-5,37.5700059530175,127.050463971945,17,851.0526148396714,61.61294117647059,6.294117647058823,42.0,0.45383713136729226,0.20522507362847972,950.3146243489122,0.12032219935555444,-4.184187025353914
110,장안뉴시티,장안동,372-5,37.5700890006172,127.069945877911,59,581.9334317093862,17.601186440677967,9.847457627118644,13.0,0.2850069523673702,0.08872060641517868,620.7277013278317,0.0756692325825204,-11.670731035587846
111,청계지웰에스테이트,답십리동,498-7,37.5701711462039,127.049516636038,61,737.9196235497878,19.49131147540984,10.754098360655737,13.0,0.2571428571428572,0.07753519281521194,972.9412226068889,0.1081011171813093,-1.2281929641627554
112,코지언레지던스,장안동,345-10,37.5702480720383,127.071523635527,28,772.7932598696428,13.241071428571427,5.607142857142857,12.0,0.04001125690364795,0.041104052914657074,644.2225957327155,0.1240587685276512,-14.11989066927154
114,청계천대성스카이렉스2,용두동,255-66,37.5703397413814,127.029907259076,32,909.3900753029768,84.99,10.96875,18.0,0.2654774396642182,0.14812220830801495,1252.4742486528294,0.30342800820401555,6.7705129443508705
115,보광타워,답십리동,530-4,37.5703573103131,127.050113414896,60,970.6332224378597,20.309833333333337,11.083333333333334,6.0,0.31345147068953627,0.07923124147765442,926.3985028292745,0.11464342298419693,-8.12978827218701
119,청계한양아이클래스,용두동,255-49,37.5707285208484,127.028449104364,19,1305.2849903020153,14.812631578947371,17.68421052631579,6.0,0.1666666666666666,0.041741142769776425,1173.2952656530217,0.2557622572668107,5.977691861117673
120,청명에버아트3차,장안동,372-8,37.5707974761804,127.070058944643,15,774.0433031218529,52.960000000000015,11.266666666666667,8.0,0.06914893617021275,0.1133982867948791,588.7869472450551,0.0561784537833454,11.483307167972367
121,동답한신,답십리동,42,37.5708103275802,127.062579152969,167,987.741137884398,47.71395209580838,7.485029940119761,33.0,0.6408995517057514,0.20465240618926114,876.649558543905,0.2326903943570487,1.3388773789469788
122,한원힐트리움아파트,답십리동,465-55,37.5708339554216,127.047451802393,12,1180.759696675144,36.6,5.083333333333333,5.0,0.18933396916229564,0.07199469638467368,1183.1618378335445,0.18937334789113527,1.460925416172909
124,대림,답십리동,808,37.5709181082427,127.063717776024,55,841.5732984748997,82.23763636363634,9.218181818181819,22.0,0.28630952380952385,0.1999113064377599,875.6479204068701,0.26646552479994184,-0.5060054005473713
125,청솔아파트(B동),장안동,372-16,37.5709259988426,127.07014203825,11,590.9673382600758,57.69727272727271,7.818181818181818,10.0,0.03693931398416878,0.15377517303661142,625.4021402174105,0.052417369121320244,11.483307167972367
127,르메이에르장안타운3차,장안동,337-3,37.5709493499126,127.073522682238,13,649.5250315478814,79.17153846153845,7.076923076923077,20.0,0.24829251059821006,0.18638840989321204,720.0892832367138,0.11365762335377792,0.756968375946454
128,선일크라시아,장안동,344-5,37.5709580635668,127.072251377531,10,553.710330102318,64.636,10.3,17.0,0.240209752791353,0.19093750614442248,681.9459193153928,0.07964044857866144,
129,르메이에르장안타운6차,장안동,342-3,37.5709810095615,127.072739391257,12,648.551577955723,84.91999999999999,7.166666666666667,20.0,0.12307692307692314,0.15263346764837565,662.9776697447118,0.07803488140176144,39.11336401054124
133,청솔아파트(A동),장안동,372-9,37.5710674882904,127.070237709182,10,711.0861958544941,52.230999999999995,7.0,10.0,0.20200840994399064,0.09649110641811709,601.3783686985269,0.05708346672936866,7.560814743969524
138,공감대6차(384-1),장안동,384-1,37.5711945595214,127.069729573262,13,509.5751731058151,99.47923076923077,9.923076923076923,20.0,0.3043754213119005,0.21069210613818595,641.6805732482628,0.06508476456261106,11.483307167972367
140,르메이에르1차(344-1),장안동,344-1,37.5712482140011,127.072202303825,15,567.5738331867826,96.13066666666667,8.133333333333333,21.0,0.35177588574946467,0.1936016356331132,679.1732186984999,0.08485032394604726,64.59672974462612
141,포레스트힐시티,신설동,100-26,37.5712716688758,127.026388440991,18,1098.7396767313774,14.982222222222223,17.666666666666668,7.0,0.3644769985416943,0.09223585641166565,1214.6043283671493,0.3099973033288037,3.539872145569145
146,동서울한양,답십리동,41,37.5714096375794,127.060391546906,164,807.3302478463921,67.73378048780488,7.445121951219512,36.0,0.4171779141104297,0.14490865268934233,941.9694928242194,0.2674617596621941,0.5133674801897525
147,힐스테이트청계,답십리동,1009,37.5714539539342,127.047167730267,250,1769.5727108674034,66.32136,14.288,7.0,0.48728035132709374,0.14150035435654224,1065.3992349950927,0.20776088278573135,1.0625713724838226
151,이편한세상청계센트럴포레,용두동,795,37.5716477982277,127.029219765505,126,1882.8797462657549,72.58738095238094,13.944444444444445,4.0,0.34408411815362067,0.13301588239438983,1057.7763144602736,0.25988476727203697,-0.4084233788579805
152,장안삼성쉐르빌,장안동,371-1,37.5716707486031,127.069859628795,65,550.3725972955046,115.81830769230768,17.692307692307693,23.0,0.551622418879056,0.1828578337988849,633.5210884103248,0.09805475850581918,
155,태솔아파트4차,장안동,335-10,37.5717420154333,127.072990072535,28,771.2858940169341,54.39714285714286,9.642857142857142,6.0,0.28096213536625325,0.09576032424596223,638.4308065324697,0.11902109630777866,13.62999827645639
156,금강아미움,장안동,574,37.5717796908307,127.067673649867,12,673.98464658501,84.08416666666666,4.583333333333333,18.0,0.15062420354651287,0.14586319716132504,599.4828054882958,0.219529914032609,-3.683472694534473
158,청계천대성스카이렉스1,신설동,109-13,37.5719992994831,127.02391225637,26,951.049732477825,77.44153846153846,12.615384615384615,18.0,0.22555381965308668,0.08713574831691813,1244.1423172178597,0.48609183105922127,9.107815555274644
159,래미안위브,답십리동,1003,37.5720377764558,127.053951855019,736,1522.6897464912004,81.71302989130434,8.490489130434783,11.0,0.4523596772832947,0.19842270161133752,1153.1171655347414,0.33748812392980065,2.955143528727766
161,청계한신휴플러스,답십리동,1002,37.5723553121327,127.046019329585,206,1435.8742364747206,75.28961165048544,11.08252427184466,15.0,0.31933949309974735,0.1505865435325517,1265.1160391598778,0.1987700663258457,12.108597672748722
163,신답극동,답십리동,464-1,37.5726924675573,127.044123220013,73,1068.4075400920856,67.47780821917809,9.246575342465754,38.0,0.6309416137891846,0.2750572404934802,1287.0997390101186,0.22784414805546552,5.940000109989696
164,신동아,용두동,779,37.5726984528527,127.032314709479,194,1024.4170974871743,65.49618556701031,8.190721649484535,31.0,0.5911499215070644,0.18699294713097286,1353.9926995978162,0.3666936028452907,6.544148185962606
166,용두두산위브,용두동,791,37.5734290181702,127.036216935229,125,1251.984226443478,77.95783999999999,11.312,16.0,0.4173465423465424,0.17405204649064515,1176.3238997958838,0.40756620429490015,5.0841149000385055
167,답십리대우,답십리동,111,37.5734698133483,127.053366848512,89,1051.6807767467153,79.6549438202247,13.932584269662922,23.0,0.4135747265509609,0.1804980007885751,1393.090081648174,0.3214420676549185,-2.1612710389995793
169,세양청마루,답십리동,997,37.5736828896399,127.065549232177,35,812.8837037286085,84.98,9.771428571428572,20.0,0.2749691738594327,0.1291317817332954,872.2813594228217,0.278692899859177,7.674818257355875
170,청계와이즈노벨리아,답십리동,1008,37.5738448537072,127.04504116911,35,1254.5825687703789,71.03501714285713,7.771428571428571,8.0,0.2721525630596391,0.09121395916519848,1249.86473327446,0.17994744091100434,12.542502624779562
172,한신휴플러스그린파크,답십리동,1001,37.5739044995154,127.049753887285,47,1205.3582981278162,69.25063829787236,5.191489361702128,15.0,0.26097433486271615,0.1496195500761514,1535.8933734042337,0.32185444654479434,1.1046285367578124
174,래미안장안2차,장안동,329-3,37.5739643441634,127.075387468834,443,1083.6628577432562,81.32277652370203,12.584650112866818,18.0,0.3515848052340301,0.1856821579651582,835.0510902708165,0.29184167769692,-15.374694289103974
176,래미안미드카운티,답십리동,1013,37.5744246920538,127.056267653451,233,1649.4853475355717,74.35515021459227,9.540772532188841,6.0,0.498273432823336,0.13616393530732068,1075.7471201025226,0.3444940832105283,-8.606138485938143
177,답십리청솔우성,답십리동,80,37.5744481574591,127.059673242852,255,1018.3398565670311,77.88176470588235,11.407843137254902,25.0,0.5411127871059243,0.21063230632695484,1038.8733366999986,0.29129851439883137,-5.540252231327136
180,현대홈타운3차,장안동,571,37.5746981267463,127.073074803044,30,847.1985703752312,82.39300000000003,6.2,19.0,0.2974183122085266,0.16012721272211028,982.634143601598,0.2389497328535986,-6.184191988523969
181,신답경남,답십리동,645-8,37.5747568063894,127.044656716439,39,923.2114995437133,72.7707692307692,8.23076923076923,34.0,0.36684520884520877,0.15641017726259723,1329.1332114658042,0.20912495032754597,13.775364777030163
182,동대문더퍼스트데시앙,장안동,587,37.5748683003768,127.070597527798,90,1237.3295980293317,77.92745777777778,9.155555555555555,6.0,0.3726478439057619,0.11327093440657397,710.2738281338502,0.3338035487536231,0.07112134227313938
184,동아,전농동,645-2,37.5748821844995,127.045703803592,89,1052.2576793943763,68.67606741573032,11.202247191011235,28.0,0.43447152948852913,0.16952329382384573,1303.3239754956717,0.2296232720473032,12.550705734477873
185,우성그린,답십리동,989-1,37.5749319843241,127.065952197042,114,809.8372534426428,74.81350877192983,9.298245614035087,28.0,0.38522218770845185,0.17816263640937566,870.7877373469248,0.2547609505611408,14.54260089311996
186,래미안 허브리츠,용두동,792,37.5753483719501,127.036037644843,229,1420.424459674857,79.37602620087337,10.043668122270743,14.0,0.47174762737115483,0.19452708497772678,1191.942730550594,0.30027298867037855,3.18147016653223
188,청솔2차우성,답십리동,80-2,37.5755574275884,127.062012465081,31,951.5258674103638,76.67838709677416,9.483870967741936,25.0,0.3888888888888889,0.1428957299212456,943.9819092570676,0.2781246101253696,-3.01955058891491
189,장안힐스테이트,장안동,329-2,37.5756429203038,127.075350784878,227,1209.6661832538216,74.5078898678414,13.088105726872246,18.0,0.5328255080760995,0.16313805217562177,782.0560787123538,0.24367537255341873,-14.678686160183252
193,래미안엘파인아파트,답십리동,1000,37.5758810898601,127.06530754342,134,1084.4857312011918,71.19261194029849,8.664179104477611,14.0,0.4095555619964547,0.17906565861327473,883.4690497247517,0.25010155894514696,6.449095109459546
194,래미안크레시티,전농동,690,37.5762290631959,127.050607073529,595,1617.283793648422,81.43793277310925,8.821848739495799,11.0,0.4516258608297395,0.19724305767592495,1303.22667439077,0.3055260147191995,1.8115307198030672
195,동대문롯데캐슬노블레스,전농동,695,37.5765053861743,127.049358607062,105,1805.0553492839072,73.0752380952381,13.142857142857142,7.0,0.3994171890712254,0.1371307285087412,1469.7373769202063,0.2886651139551649,1.2727320452054158
197,전농SK,전농동,10,37.5766421261107,127.060465846616,488,1012.0396862326943,80.47516393442623,11.934426229508198,25.0,0.4881520091678681,0.2058033812572399,931.8791454926017,0.29024441502327725,-1.7826320713719257
200,정은스카이빌101동,장안동,327,37.5769162415789,127.073867939663,23,697.5797721602146,80.37521739130435,9.826086956521738,21.0,0.41978645614103777,0.20601710609793092,812.435225173583,0.20569404389860507,-7.249160313427128
201,태솔에버빌,장안동,312-8,37.5771401281039,127.072723986184,16,684.9323068213662,49.779375,4.375,12.0,0.09230009164852804,0.1400743181911361,814.9647182413527,0.20873769346430476,-10.082002733502215
203,전농동하우스토리,전농동,32-4,37.5771729640998,127.058555015309,17,773.9855344749716,89.24623529411764,12.941176470588236,18.0,0.30222867949743604,0.13018949625112927,1163.7813045538758,0.3382788332523507,2.989355317476483
204,롯데캐슬피렌체,용두동,790,37.5771845144736,127.035721439041,123,1219.9054865931594,44.88674796747967,8.642276422764228,16.0,0.4148612114223555,0.13694655687541646,1174.106263916347,0.22547840028364577,9.56985702929789
206,청량리역한양수자인그라시엘,용두동,798,37.5772405224004,127.042861502081,44,1834.5440325974594,84.9665909090909,29.681818181818183,2.0,0.0912732731014574,0.05191837618222475,1242.92866937652,0.3719753480039189,14.014732804586426
207,전농우성,전농동,6,37.5772719673359,127.064958044841,264,831.0587378094496,78.9283712121212,7.867424242424242,33.0,0.5272610040263003,0.24319802944475813,934.1544484031003,0.31176314915005465,6.89171493894194
208,가우디캐슬,용두동,104-34,37.5773115907414,127.033125902564,71,918.0036910941266,26.11577464788733,8.56338028169014,6.0,0.19564812685480248,0.08432042683832221,1016.0196311306614,0.13396519586591266,10.933717835476564
212,한양아이클래스,용두동,112-8,37.5777193189866,127.031373071948,23,768.4238273715755,14.621304347826085,3.9130434782608696,11.0,0.2063492063492064,0.07007281518899161,1075.0961485159653,0.1536240036088275,20.329659536788093
213,동대문푸르지오시티(도시형생활주택),용두동,104-3,37.577770570406,127.032755692159,104,1270.9514844921052,29.24807692307693,13.567307692307692,9.0,0.40454925194832453,0.126076586221939,974.5906170918594,0.11276491062214754,14.959922605421895
214,동대문베네스트,용두동,100-5,37.577816917793,127.033588464641,17,1298.868764130101,18.571764705882355,18.176470588235293,5.0,0.3028024606971976,0.11963634775631979,939.8466165234664,0.13406720759216134,10.567046126591361
215,U-포그니,장안동,319-6,37.578029851709,127.073174398508,11,596.9068864617013,61.995000000000005,4.636363636363637,9.0,0.16518670979123792,0.11524825556098758,782.0003042789618,0.21693200367374296,-2.746456854910817
219,전농동신성미소지움,전농동,687,37.5783117738141,127.048527041801,102,1401.7812684010364,66.12487254901961,10.088235294117647,20.0,0.5343110449243637,0.17257174203282158,1550.3921930967804,0.3542452860958951,-1.834927491581606
220,두산베어스타워,용두동,138-41,37.5785297552589,127.032403154517,11,521.9485930663657,143.6609090909091,15.454545454545455,27.0,0.14811408739507811,0.14600072927696747,1124.391195377007,0.12809164085845617,5.304764151611829
222,청량리역롯데캐슬 SKY-L65,전농동,620-47,37.5788571390771,127.045136566595,44,2072.0058450293795,85.3893409090909,35.18181818181818,2.0,0.10716386974873969,0.08140626945141895,1401.2448167643063,0.3536828522384567,22.124186640815946
223,용두롯데캐슬리치,용두동,794,37.5791419092022,127.030991700968,47,1365.7082097971277,77.5052234042553,8.23404255319149,10.0,0.4256410217790602,0.16843645656275347,1157.5803955074869,0.20432207727606336,16.707736055013168
224,경동미주,제기동,892-68,37.5791794440151,127.035594125987,20,962.2829201905461,74.64750000000001,5.7,48.0,0.3857965701633454,0.152739311459945,1052.3451045631232,0.2306899069694699,12.182884970169571
225,한신아파트,장안동,555-1,37.5795268167032,127.071914027375,56,723.472178955795,84.84035714285714,10.553571428571429,29.0,0.4970379146919431,0.16672582745669398,630.9181725712683,0.18386657126931946,-7.790842537316378
226,래미안엘리니티,용두동,796,37.5796270974824,127.028475697863,81,1927.7093084772869,70.07765432098765,9.185185185185185,3.0,0.2869965850211964,0.12375678936901019,969.0071611642601,0.36821134450701,14.827405748662304
230,현대,제기동,892-66,37.5801884188608,127.035753667475,43,950.0511945338841,78.71093023255813,11.674418604651162,26.0,0.40320855614973267,0.18887153994119027,984.4022824469288,0.2776926964161537,15.62673582931302
232,경남하이빌,장안동,578,37.5804383848296,127.07021322729,13,675.5814335873051,82.88384615384615,3.230769230769231,17.0,0.08669354838709671,0.1369574583394719,703.3843054750452,0.15865632524508416,7.019869502375076
233,금성아파트,장안동,93-128,37.580499520213,127.071484307365,12,594.3510802036118,68.24916666666667,4.166666666666667,14.0,0.14498310878248252,0.17338524289627924,709.0253613326233,0.1468048123344674,10.667990052567689
235,은하수드림빌,장안동,579,37.5807799192093,127.071319173202,18,602.8191557823571,92.31030000000003,7.888888888888889,16.0,0.2256288431624294,0.19571317677617145,707.3317462168743,0.14568498952730127,10.667990052567689
236,장안현대,장안동,95-1,37.5808826791312,127.069120244697,67,674.0199459705401,95.42597014925373,6.1940298507462686,41.0,0.4775465498357065,0.14059164963166643,703.696602998398,0.21562156119095952,5.021240002811811
237,래미안아름숲,전농동,688,37.5809441481616,127.06107602833,167,1187.5157650237184,86.45664670658682,6.976047904191617,13.0,0.376619170984456,0.142681121491219,924.2057016216161,0.5177226546369645,-5.249816811564778
240,현대코아,청량리동,738,37.5814403911391,127.044390129883,14,912.5857541447525,104.63999999999999,10.0,28.0,0.5324332047435348,0.2883829022072957,1433.6823512378978,0.4135148549714903,8.034520974814141
241,휘경베스트빌현대,휘경동,52,37.5816647278231,127.074189400955,84,822.2363499869438,72.36297619047619,12.94047619047619,25.0,0.33597897634198887,0.1923861499812629,742.427134754361,0.25994103892654474,11.999619542088858
242,전농동삼성래미안,전농동,155,37.5819288502804,127.055593680489,106,1052.4186821806,74.70528301886792,9.783018867924529,25.0,0.4314420202143106,0.18594294729015573,855.4227361883364,0.5801566046492964,-22.22375205096643
243,이수브라운스톤,제기동,252,37.5822001108387,127.034083932884,61,919.0056482544716,82.81770491803275,8.639344262295081,20.0,0.24038461538461528,0.1659777999949229,937.139491147463,0.34716269072597405,14.628396978290104
245,휘경동일하이빌,휘경동,365,37.5823446326166,127.073299760443,51,869.2340923671194,85.1734705882353,8.0,20.0,0.5777915576644774,0.2105249463324373,711.1237225521696,0.2263957078972166,-6.563139002099505
247,주공2,휘경동,57,37.5829871567703,127.070747052227,549,922.2591664629213,69.97681238615665,10.704918032786885,24.0,0.3995714130789192,0.19071119474510098,670.8754269297285,0.23584341173499024,8.649863150592573
249,안암골벽산,제기동,153,37.5834528290559,127.03191008258,124,885.7065381493916,90.47016129032261,11.959677419354838,22.0,0.44160390680160044,0.1890693989245397,1136.8845908258272,0.4581320020857292,11.877558551151912
253,미주,청량리동,235-1,37.5840013582663,127.046766367893,211,1019.0723424474465,116.86047393364927,7.687203791469194,47.0,0.376430385728453,0.15735029282737317,1162.3838222815364,0.35868432148827384,8.681722046386842
255,서울가든,휘경동,49-5,37.5841614840074,127.071092342585,28,613.9528603250141,83.28178571428573,5.678571428571429,40.0,0.3659390203762212,0.16828197229598907,778.1137421139763,0.3168505833824397,1.8306924780668865
256,현대,청량리동,234-2,37.584976577075,127.046350448809,44,841.0082677141676,93.74113636363636,5.931818181818182,38.0,0.4886520961344015,0.19521973104300172,1197.9966372281922,0.35628747168061625,8.188411109334437
259,홍릉동부,청량리동,212,37.5861305409713,127.046191750859,64,1033.7759510510823,78.7246875,9.765625,24.0,0.43268945111466545,0.15052911197973529,931.5453353196781,0.37640675084101444,10.592558912912619
260,현대,휘경동,363,37.5863213939361,127.055547243491,27,695.1469642773502,84.9011111111111,8.037037037037036,33.0,0.39439763521468246,0.18706749670934503,950.2049775335023,0.31639468711707136,-11.121763418114005
264,동성,휘경동,308-110,37.5871240106323,127.057404555801,10,608.4257309329475,52.64399999999999,5.1,24.0,0.14921769812897545,0.483221503603035,961.9880394991117,0.3015906004861224,-22.715199882145175
265,동일스위트리버,휘경동,366,37.5874102629887,127.068693094024,110,981.6535169217607,75.61485454545453,9.672727272727272,18.0,0.5652684569541556,0.17857896393722741,888.4490777185962,0.4610517130346071,-7.177163654158669
266,한신,청량리동,60,37.5879992451232,127.04920145701,193,952.5432934683006,83.9640932642487,8.740932642487047,28.0,0.5072785268957518,0.20620422019534354,976.0587673853606,0.38021410513720305,-1.7977965428081055
267,민족통일MJ캠퍼스경희대,회기동,67-3,37.5886345775864,127.053653146936,24,1019.3005677837415,22.877916666666664,11.25,8.0,0.19919016730609507,0.0878279659753938,1000.644185137083,0.2137971162129712,-15.250713004207416
268,캠퍼스드림오피스텔,휘경동,336-32,37.5887717921907,127.054649388282,28,1295.9788029925187,16.040000000000003,11.464285714285714,5.0,0.1441441441441442,0.04753057982851047,961.0046961207003,0.20952912914420543,-3.7849392620621924
269,한신아파트,제기동,1212,37.5888514825052,127.0391170512,264,1023.286105385167,79.04801136363638,11.696969696969697,21.0,0.4772864338081729,0.20154795635656336,931.7435774446873,0.6597272346063902,-2.7346296889452337
271,휘경제이스카이아파트,휘경동,369,37.5890829156144,127.0576570784,23,773.6277544042144,84.43000000000002,9.347826086956522,9.0,0.17123287671232876,0.07814799867572764,932.9441668751242,0.2766092457068644,-13.104328468420888
273,신현대,회기동,65,37.5896046831577,127.051822428181,144,932.5170188237231,76.54,7.666666666666667,36.0,0.3293336679061068,0.1399303776856649,1069.4801607672766,0.2635513385605199,-8.70831555301319
274,효자워너빌,휘경동,264-2,37.5899418233666,127.060902672111,14,715.1296246286794,84.64,11.071428571428571,19.0,0.13513513513513517,0.10025860219519182,958.7244572620341,0.3040007889746698,-3.0553719195972606
276,회기힐스테이트,회기동,351,37.590046068613,127.053661066923,50,1053.6920315540892,89.9348,7.02,14.0,0.3728813559322034,0.12395630506028106,1009.4620504083863,0.21769831387309357,-9.948378123610535
277,브라운스톤휘경,휘경동,368,37.5904739061859,127.066492298357,72,1128.992671306916,75.24083333333334,7.777777777777778,12.0,0.34246515254488624,0.17053845739680348,884.1346971915127,0.21679000367273807,-7.327160975311986
279,베라체캠퍼스,회기동,346-18,37.5908189073182,127.056057049768,109,1025.8861080377337,25.49056880733945,9.036697247706423,12.0,0.2146198819478971,0.06246707783756207,1015.0232351116576,0.2890499588588506,-7.394130241351116
282,어진재,제기동,1213,37.5909696582811,127.037911611595,61,1089.9978345657887,15.727540983606557,4.147540983606557,11.0,0.3688253925466675,0.07984237320652358,911.7414095875469,0.7371631262211927,1.6080171264390541
283,롯데,휘경동,78,37.590993239562,127.063377768441,51,913.7869212390918,73.54137254901961,9.176470588235293,25.0,0.48546176244368744,0.19708925210814254,990.0659813204917,0.18065354026670996,-3.4398558630728826
284,휘경센트레빌,휘경동,367,37.5910250403914,127.068389230883,53,1010.4436016951115,91.05264150943398,12.660377358490566,14.0,0.3358599228391526,0.14572923614951572,1040.9673599651787,0.24563906823247258,-6.605812412338075
286,휘경해모로프레스티지,휘경동,375,37.5913908413923,127.062374115172,46,1340.5028513405418,67.97304347826088,10.043478260869565,4.0,0.31065405030011406,0.1204546047802177,914.9316318660947,0.2019991063465498,-3.8619186502142577
287,휘경미소지움,휘경동,106,37.5915190211052,127.064774428036,89,907.5865775526088,69.81966292134832,11.50561797752809,26.0,0.3014802438638272,0.18141379300946162,1001.5995428926562,0.16137738007632813,-11.39516909914371
288,롯데낙천대,휘경동,109,37.5919735169804,127.064380106947,38,858.118181773713,78.43078947368423,10.342105263157896,22.0,0.2672343199996896,0.2021311768190563,1090.4411729930998,0.1712551429233851,-8.821428614253069
290,동양2차,휘경동,117,37.5923134152138,127.066893180891,30,766.5970888030182,92.80293333333334,7.833333333333333,23.0,0.5756396848294435,0.21124854863447332,1089.7366625435975,0.16881206061940224,-2.0801980714481805
291,동양1차,휘경동,115,37.592585958542,127.067695090086,53,877.9280361331117,68.59754716981132,8.90566037735849,25.0,0.27718831995173226,0.17715304701730322,1067.4704730775786,0.19568842081729257,-4.738531098798148
292,래미안이문2차,이문동,311,37.5935265008564,127.060218054769,132,1180.0368541363803,74.9385606060606,10.484848484848484,21.0,0.4196385513575091,0.1920150259636366,1277.302664106516,0.24656804919149944,-0.6878289697934581
293,휘경SK뷰,휘경동,372,37.5936190873694,127.066173973199,172,1523.7324260302382,70.80238372093025,12.831395348837209,6.0,0.45245633835206844,0.15431524008286618,929.3515399774981,0.21143260915604833,-7.2265524491642585
294,이문휘경지웰에스테이트,휘경동,377,37.5944086019984,127.063929388682,25,1236.5278156250386,26.978824,10.52,4.0,0.18695561747219216,0.060124740735413226,1092.5075494630507,0.27805011115378747,-1.5844611065518266
295,세진빌딩,이문동,327-7,37.5950056871497,127.059092236421,14,1702.6986534243156,13.525714285714285,10.642857142857142,5.0,0.14885284723843065,0.12131428310644804,1164.8881611865509,0.21557168173573396,2.794025824711399
296,샹그레빌아파트,청량리동,949,37.5951233909284,127.040938409726,10,774.9301856379261,80.0368,7.8,21.0,0.04017216642754662,0.14253332670991933,1006.4240406588124,0.9130535188727268,-1.0438388774949958
297,민족통일MJ캠퍼스외대2차,이문동,327-4,37.5951455038198,127.05966372291,14,866.927989986403,23.24285714285714,8.428571428571429,7.0,-0.0,0.17156245226723552,1332.0422938741335,0.20404327436380604,2.794025824711399
298,민족통일MJ캠퍼스외대3차,이문동,327-1,37.5951863264526,127.059111176025,19,1239.8560101562819,18.318947368421053,11.473684210526315,3.0,0.1957220306412043,0.12349342692316306,1257.4566898401577,0.2147948072421467,-0.7980391062949344
299,삼익,이문동,73,37.5959211476943,127.067557473978,68,888.7816352112127,74.04499999999997,11.852941176470589,28.0,0.501298803217579,0.2179174361473203,1079.5698148827441,0.3366152461415215,-7.597895722890202
300,중앙하이츠빌,이문동,84,37.5963887720305,127.064644012313,73,993.0637078223139,73.32328767123288,10.205479452054794,23.0,0.5061358874588447,0.18855382396794854,1125.6692993184927,0.30647813726036854,10.51118669612432
301,이문스카이뷰,이문동,291-35,37.5980808729347,127.06101529612,13,1301.0921360286504,25.990000000000002,11.538461538461538,5.0,0.19556171983356446,0.089793539309691,1096.1517690173275,0.31075281865444143,28.56502970678243
302,이문동웰츠타워,이문동,292-10,37.5984785520783,127.061915413884,17,678.2124836973235,102.73217647058824,8.882352941176471,17.0,0.15545654517442276,0.15384035393594075,1220.7276994835927,0.3492991851283752,5.348478778099031
304,쌍용,이문동,64,37.5997835954564,127.068513545003,395,990.3144122607752,73.10554430379747,11.949367088607595,25.0,0.42976369270546183,0.2258507833529795,903.0243512497555,0.38522087607937117,2.0564737638037345
307,이문삼성래미안아파트,이문동,425,37.6003489644361,127.056433366014,61,823.2101734059299,97.91162295081966,7.016393442622951,24.0,0.4436442230659922,0.2126129669135264,1113.3913517331573,0.5762608472664387,45.84923448371339
308,현대,이문동,54,37.6013509634573,127.07019199549,157,913.9116105928551,74.17452229299364,14.203821656050955,25.0,0.456766619070284,0.2055089173024199,916.9327907568838,0.2973682927888469,0.37797945169093516
309,대우,이문동,45,37.6025672690785,127.06978908124,84,829.4604153353328,88.7707261904762,11.880952380952381,24.0,0.36576562307162963,0.16381752747023953,933.8230298083884,0.2500737863771761,1.3057594365493808
310,대성유니드아파트,이문동,429,37.6031870998082,127.070631301712,11,889.9043872870625,84.65181818181819,7.0,13.0,0.14226006635092192,0.16677986973855286,921.7342354180422,0.2757514359162895,4.738278604077606
311,투니온,이문동,256-2,37.6035177185416,127.062226713574,13,645.0974753592161,15.456923076923074,11.923076923076923,12.0,0.36363636363636365,0.13154814407999327,909.1151599821217,0.3205678870024337,-3.2932516828721115
312,신이문금호어울림,이문동,428,37.6037505972754,127.062957573829,38,891.2372422682504,80.90526315789475,5.842105263157895,17.0,0.2832103321033211,0.21866626251879603,765.5608624616513,0.31848644341043747,4.073243665497572
313,주성아우라,이문동,254-40,37.6042791803574,127.061817052962,10,625.2135552736758,13.337799999999998,11.9,12.0,0.30150026112139766,0.10031651918642634,817.5155514746855,0.3555527178803766,14.020267154817212
314,이문2차푸르지오,이문동,427,37.6043234599775,127.07042785142,23,825.1643562585407,84.86565217391303,7.391304347826087,18.0,0.16145181476846063,0.11675746472677888,934.6822416237468,0.33506154863522325,0.9856483467104216
315,대림e-편한세상,이문동,225,37.6045229147922,127.064973013617,376,1049.820382642708,78.88847606382977,11.555851063829786,22.0,0.3800327016937779,0.21738493035527318,763.2346088990031,0.3401729303645297,-0.31337863126054133
